Workbook

Sheet _TotalPredTime_training
B32: Average | C32: Std
A33: SVC | B33: =C126 -> 225.99865 | C33: =D126 -> 11.965023
A34: LR | B34: =C140 -> 223.34253 | C34: =D140 -> 13.437971
A35: RF | B35: =C153 -> 286.53002 | C35: =D153 -> 31.207145
A36: ANN | B36: =C166 -> 260.35771 | C36: =D166 -> 25.2789
A37: CNN1D | B37: =C179 -> 257.69058 | C37: =D179 -> 26.225086
A38: CNN2D | B38: =C192 -> 35.937981 | C38: =D192 -> 8.2274043
C114: Average | D114: Std
A115: SVC | B115: predictions_0 | C115: =AVERAGE(F115:DJI115) -> 230.48094 | D115: =_xlfn.STDEV.S(F115:DJI115) -> 13.52631 | F115: 244.4168 | G115: 231.364 | H115: 214.3194 | I115: 231.5217 | J115: 255.4057 | K115: 251.5591 | L115: 235.2329 | M115: 257.9943 | N115: 242.0833 | O115: 263.6784 | P115: 235.402 | Q115: 246.4535 | R115: 257.9342 | S115: 225.8879 | T115: 282.2989 | U115: 245.5574 | V115: 255.893 | W115: 269.6884 | X115: 241.7252 | Y115: 258.688 | Z115: 243.3404 | AA115: 246.619 | AB115: 264.6182 | AC115: 254.7252 | AD115: 263.9083 | AE115: 257.368 | AF115: 238.6438 | AG115: 251.5901 | AH115: 241.9373 | AI115: 239.5482 | AJ115: 246.6905 | AK115: 248.8888 | AL115: 260.7577 | AM115: 240.1513 | AN115: 242.4472 | AO115: 240.2739 | AP115: 238.7719 | AQ115: 226.3902 | AR115: 231.8152 | AS115: 223.3056 | AT115: 219.9552 | AU115: 223.0477 | AV115: 232.017 | AW115: 222.9598 | AX115: 224.6296 | AY115: 211.1215 | AZ115: 210.7856 | BA115: 229.5416 | BB115: 230.8601 | BC115: 231.4868 | BD115: 235.782 | BE115: 223.396 | BF115: 210.59 | BG115: 242.2509 | BH115: 246.9927 | BI115: 248.1992 | BJ115: 231.5461 | BK115: 236.5217 | BL115: 245.9713 | BM115: 234.8481 | BN115: 250.6845 | BO115: 247.5033 | BP115: 257.6371 | BQ115: 222.6618 | BR115: 259.2849 | BS115: 244.2781 | BT115: 237.3599 | BU115: 218.2369 | BV115: 217.7783 | BW115: 236.0725 | BX115: 234.4893 | BY115: 211.791 | BZ115: 239.1147 | CA115: 224.1397 | CB115: 215.5378 | CC115: 225.2246 | CD115: 218.4189 | CE115: 222.9739 | CF115: 212.7299 | CG115: 220.1988 | CH115: 226.4106 | CI115: 234.8387 | CJ115: 211.391 | CK115: 239.9236 | CL115: 256.9038 | CM115: 281.688 | CN115: 259.2165 | CO115: 267.6339 | CP115: 270.0055 | CQ115: 238.3334 | CR115: 253.5069 | CS115: 250.0819 | CT115: 269.5426 | CU115: 250.892 | CV115: 266.5097 | CW115: 255.4123 | CX115: 285.0947 | CY115: 296.8119 | CZ115: 300.6848 | DA115: 283.0574 | DB115: 239.6783 | DC115: 289.9505 | DD115: 287.4049 | DE115: 263.1614 | DF115: 262.9999 | DG115: 277.4664 | DH115: 263.6911 | DI115: 266.7413 | DJ115: 279.6569 | DK115: 286.8903 | DL115: 263.9305 | DM115: 242.2924 | DN115: 233.6743 | DO115: 265.8764 | DP115: 253.0505 | DQ115: 235.6437 | DR115: 247.3282 | DS115: 275.5308 | DT115: 250.4289 | DU115: 262.4114 | DV115: 242.4089 | DW115: 233.1003 | DX115: 252.8079 | DY115: 252.1836 | DZ115: 250.23 | EA115: 244.8941 | EB115: 215.8994 | EC115: 220.8065 | ED115: 220.4596 | EE115: 226.6042 | EF115: 228.6991 | EG115: 216.72 | EH115: 242.1887 | EI115: 216.8747 | EJ115: 236.5551 | EK115: 233.4905 | EL115: 239.9528 | EM115: 248.7675 | EN115: 228.3905 | EO115: 210.8298 | EP115: 230.2629 | EQ115: 224.8845 | ER115: 230.4046 | ES115: 210.6256 | ET115: 212.808 | EU115: 222.3747 | EV115: 237.3031 | EW115: 240.913 | EX115: 205.6026 | EY115: 241.4961 | EZ115: 238.2683 | FA115: 219.4646 | FB115: 237.4429 | FC115: 226.7176 | FD115: 232.8541 | FE115: 239.9875 | FF115: 221.9348 | FG115: 222.393 | FH115: 220.4514 | FI115: 240.0534 | FJ115: 223.1291 | FK115: 223.8482 | FL115: 236.7242 | FM115: 222.6796 | FN115: 238.1137 | FO115: 226.0783 | FP115: 202.5179 | FQ115: 238.376 | FR115: 222.4001 | FS115: 218.7206 | FT115: 227.2856 | FU115: 214.7309 | FV115: 235.6314 | FW115: 216.6453 | FX115: 207.4953 | FY115: 242.1319 | FZ115: 232.5601 | GA115: 243.6063 | GB115: 218.769 | GC115: 226.3334 | GD115: 218.4495 | GE115: 219.7443 | GF115: 223.0073 | GG115: 228.5354 | GH115: 213.8424 | GI115: 235.2368 | GJ115: 233.4301 | GK115: 220.4296 | GL115: 205.3407 | GM115: 213.9615 | GN115: 211.4473 | GO115: 232.3968 | GP115: 222.2047 | GQ115: 211.8482 | GR115: 247.2204 | GS115: 231.9481 | GT115: 225.8204 | GU115: 228.1969 | GV115: 211.7545 | GW115: 229.3511 | GX115: 233.2895 | GY115: 226.4485 | GZ115: 239.9164 | HA115: 228.6543 | HB115: 234.2944 | HC115: 226.3008 | HD115: 226.6082 | HE115: 240.6999 | HF115: 222.9299 | HG115: 232.4059 | HH115: 219.308 | HI115: 220.4278 | HJ115: 225.7493 | HK115: 234.4298 | HL115: 216.5454 | HM115: 221.2862 | HN115: 231.3082 | HO115: 216.092 | HP115: 217.2256 | HQ115: 225.8557 | HR115: 214.3042 | HS115: 221.8004 | HT115: 222.6034 | HU115: 211.2007 | HV115: 206.2416 | HW115: 237.4108 | HX115: 223.4159 | HY115: 222.3169 | HZ115: 235.0776 | IA115: 226.5052 | IB115: 243.0546 | IC115: 214.0312 | ID115: 211.3761 | IE115: 228.8962 | IF115: 244.8578 | IG115: 234.4864 | IH115: 207.7192 | II115: 227.7769 | IJ115: 240.36 | IK115: 228.9204 | IL115: 224.4333 | IM115: 211.8138 | IN115: 245.6928 | IO115: 224.0324 | IP115: 226.4596 | IQ115: 231.826 | IR115: 222.0856 | IS115: 225.8028 | IT115: 221.5946 | IU115: 220.868 | IV115: 224.963 | IW115: 217.1025 | IX115: 242.5625 | IY115: 220.3345 | IZ115: 226.4183 | JA115: 212.1791 | JB115: 231.4711 | JC115: 230.3202 | JD115: 241.8216 | JE115: 232.9537 | JF115: 211.1552 | JG115: 223.3346 | JH115: 233.831 | JI115: 216.1142 | JJ115: 206.3554 | JK115: 230.9807 | JL115: 221.1013 | JM115: 226.9927 | JN115: 249.9237 | JO115: 211.5269 | JP115: 229.0874 | JQ115: 216.884 | JR115: 210.0698 | JS115: 213.6369 | JT115: 236.4131 | JU115: 214.3066 | JV115: 223.7132 | JW115: 235.4466 | JX115: 212.8076 | JY115: 218.0632 | JZ115: 247.6089 | KA115: 235.5758 | KB115: 215.9903 | KC115: 237.847 | KD115: 214.7642 | KE115: 223.5817 | KF115: 232.0159 | KG115: 225.9975 | KH115: 224.7955 | KI115: 229.0451 | KJ115: 223.7844 | KK115: 219.2885 | KL115: 214.8947 | KM115: 217.8243 | KN115: 224.3001 | KO115: 218.239 | KP115: 234.0038 | KQ115: 217.9484 | KR115: 246.2322 | KS115: 218.4272 | KT115: 235.976 | KU115: 239.0379 | KV115: 231.9858 | KW115: 222.4339 | KX115: 216.3887 | KY115: 227.7591 | KZ115: 236.4337 | LA115: 225.7244 | LB115: 219.2753 | LC115: 222.6222 | LD115: 243.3824 | LE115: 225.9029 | LF115: 221.3021 | LG115: 212.2039 | LH115: 217.227 | LI115: 234.4376 | LJ115: 216.4992 | LK115: 224.9574 | LL115: 254.5126 | LM115: 236.099 | LN115: 231.0423 | LO115: 225.2785 | LP115: 233.1721 | LQ115: 248.7245 | LR115: 221.7445 | LS115: 225.2346 | LT115: 235.393 | LU115: 229.1699 | LV115: 218.0017 | LW115: 219.5164 | LX115: 214.3229 | LY115: 231.2684 | LZ115: 218.2617 | MA115: 233.6267 | MB115: 212.5564 | MC115: 217.7585 | MD115: 214.3392 | ME115: 227.602 | MF115: 232.6796 | MG115: 220.4379 | MH115: 225.4866 | MI115: 234.1545 | MJ115: 217.2907 | MK115: 221.028 | ML115: 225.0666 | MM115: 233.3334 | MN115: 227.918 | MO115: 235.3716 | MP115: 212.8112 | MQ115: 225.8309 | MR115: 225.115 | MS115: 215.0341 | MT115: 225.5354 | MU115: 209.1162 | MV115: 222.9324 | MW115: 228.5787 | MX115: 223.4869 | MY115: 206.0868 | MZ115: 240.7687 | NA115: 223.8978 | NB115: 212.8733 | NC115: 225.9192 | ND115: 204.7484 | NE115: 226.3891 | NF115: 224.6863 | NG115: 228.2117 | NH115: 225.9568 | NI115: 232.1661 | NJ115: 234.7 | NK115: 248.5236 | NL115: 237.2837 | NM115: 245.7472 | NN115: 232.4734 | NO115: 256.6581 | NP115: 231.667 | NQ115: 220.9592 | NR115: 218.5701 | NS115: 237.4262 | NT115: 240.1708 | NU115: 228.6518 | NV115: 219.9887 | NW115: 215.0603 | NX115: 215.7268 | NY115: 229.5494 | NZ115: 220.9869 | OA115: 230.9468 | OB115: 238.1157 | OC115: 215.4009 | OD115: 212.5556 | OE115: 229.6657 | OF115: 214.0387 | OG115: 239.3229 | OH115: 246.8921 | OI115: 232.3365 | OJ115: 248.5424 | OK115: 234.1637 | OL115: 230.0625 | OM115: 213.3224 | ON115: 236.9389 | OO115: 231.9688 | OP115: 227.5951 | OQ115: 251.1073 | OR115: 222.1913 | OS115: 237.5575 | OT115: 229.6268 | OU115: 217.6187 | OV115: 245.1215 | OW115: 230.1194 | OX115: 230.6448 | OY115: 219.2124 | OZ115: 235.4093 | PA115: 222.8376 | PB115: 227.8358 | PC115: 229.2275 | PD115: 235.8792 | PE115: 233.7254 | PF115: 254.3739 | PG115: 238.0551 | PH115: 237.0939 | PI115: 225.9067 | PJ115: 234.5582 | PK115: 239.3303 | PL115: 227.6313 | PM115: 248.1231 | PN115: 237.1539 | PO115: 205.0941 | PP115: 229.8144 | PQ115: 226.8371 | PR115: 216.4813 | PS115: 234.1188 | PT115: 225.6283 | PU115: 211.4378 | PV115: 225.0423 | PW115: 217.0407 | PX115: 227.141 | PY115: 226.0647 | PZ115: 230.0138 | QA115: 218.8426 | QB115: 217.5444 | QC115: 221.529 | QD115: 220.9151 | QE115: 224.0976 | QF115: 219.9029 | QG115: 226.7983 | QH115: 235.5236 | QI115: 225.0301 | QJ115: 220.6478 | QK115: 235.2899 | QL115: 224.3282 | QM115: 236.3112 | QN115: 231.6377 | QO115: 215.325 | QP115: 230.4759 | QQ115: 218.3916 | QR115: 231.9716 | QS115: 217.0704 | QT115: 245.0068 | QU115: 219.7701 | QV115: 222.8737 | QW115: 236.0023 | QX115: 207.3796 | QY115: 224.7208 | QZ115: 230.2741 | RA115: 209.8298 | RB115: 230.3915 | RC115: 241.0021 | RD115: 211.2999 | RE115: 225.4321 | RF115: 218.7383 | RG115: 229.68 | RH115: 232.1879 | RI115: 232.359 | RJ115: 230.3049 | RK115: 235.8641 | RL115: 235.0633 | RM115: 222.8278 | RN115: 221.0421 | RO115: 220.1437 | RP115: 228.201 | RQ115: 217.0926 | RR115: 220.6136 | RS115: 227.1534 | RT115: 231.6546 | RU115: 242.335 | RV115: 211.1221 | RW115: 251.7573 | RX115: 228.9874 | RY115: 237.7642 | RZ115: 256.6551 | SA115: 246.585 | SB115: 240.4883 | SC115: 229.6928 | SD115: 237.4103 | SE115: 240.2006 | SF115: 245.4311 | SG115: 235.2236 | SH115: 242.9511 | SI115: 257.3538 | SJ115: 228.4968 | SK115: 218.7028 | SL115: 214.8081 | SM115: 222.0035 | SN115: 231.3248 | SO115: 231.9805 | SP115: 211.8576 | SQ115: 229.6495 | SR115: 235.904 | SS115: 233.9367 | ST115: 217.6564 | SU115: 216.7876 | SV115: 218.5764 | SW115: 250.8191 | SX115: 222.2686 | SY115: 237.97 | SZ115: 226.5941 | TA115: 219.6007 | TB115: 212.5375 | TC115: 239.9394 | TD115: 233.855 | TE115: 231.5102 | TF115: 238.8869 | TG115: 227.5309 | TH115: 219.0506 | TI115: 260.7743 | TJ115: 271.4203 | TK115: 262.3033 | TL115: 246.7001 | TM115: 243.3893 | TN115: 261.3404 | TO115: 248.0642 | TP115: 268.168 | TQ115: 245.4578 | TR115: 230.3915 | TS115: 264.3735 | TT115: 229.7492 | TU115: 239.1733 | TV115: 222.7956 | TW115: 243.1113 | TX115: 249.3154 | TY115: 225.8263 | TZ115: 231.1863 | UA115: 250.0711 | UB115: 234.0336 | UC115: 250.2196 | UD115: 254.3858 | UE115: 237.1977 | UF115: 232.0295 | UG115: 222.8128 | UH115: 226.0473 | UI115: 244.8541 | UJ115: 249.1395 | UK115: 229.7991 | UL115: 259.4145 | UM115: 248.2948 | UN115: 245.5537 | UO115: 239.5557 | UP115: 235.7775 | UQ115: 238.9454 | UR115: 244.5052 | US115: 247.4989 | UT115: 252.1693 | UU115: 247.0013 | UV115: 268.2292 | UW115: 228.0536 | UX115: 243.328 | UY115: 244.453 | UZ115: 246.6089 | VA115: 235.9779 | VB115: 235.5471 | VC115: 227.7636 | VD115: 249.5307 | VE115: 232.5675 | VF115: 237.3084 | VG115: 256.1836 | VH115: 232.4195 | VI115: 234.3612 | VJ115: 220.5608 | VK115: 225.4936 | VL115: 229.8591 | VM115: 245.1728 | VN115: 224.8587 | VO115: 214.9167 | VP115: 251.6652 | VQ115: 241.9498 | VR115: 255.9404 | VS115: 236.8811 | VT115: 222.1191 | VU115: 226.0377 | VV115: 240.9438 | VW115: 209.2458 | VX115: 238.571 | VY115: 215.614 | VZ115: 228.8708 | WA115: 235.5832 | WB115: 219.3724 | WC115: 233.8842 | WD115: 222.3794 | WE115: 224.1319 | WF115: 211.5629 | WG115: 232.9751 | WH115: 226.3267 | WI115: 247.5746 | WJ115: 245.0567 | WK115: 210.2602 | WL115: 226.4489 | WM115: 221.3643 | WN115: 210.2725 | WO115: 234.7289 | WP115: 226.5926 | WQ115: 228.4562 | WR115: 208.5376 | WS115: 234.9214 | WT115: 220.6457 | WU115: 224.278 | WV115: 241.1429 | WW115: 208.6857 | WX115: 221.2611 | WY115: 229.5074 | WZ115: 235.3987 | XA115: 210.9608 | XB115: 215.5479 | XC115: 245.915 | XD115: 220.4354 | XE115: 216.1036 | XF115: 218.3189 | XG115: 222.5925 | XH115: 236.0999 | XI115: 227.0172 | XJ115: 227.1232 | XK115: 229.3141 | XL115: 234.7661 | XM115: 215.0508 | XN115: 224.2526 | XO115: 233.0924 | XP115: 224.6018 | XQ115: 217.4494 | XR115: 225.3842 | XS115: 232.7165 | XT115: 218.7406 | XU115: 235.9014 | XV115: 229.2904 | XW115: 227.7349 | XX115: 239.0687 | XY115: 230.0393 | XZ115: 227.1813 | YA115: 242.1675 | YB115: 220.7638 | YC115: 227.7349 | YD115: 242.1118 | YE115: 218.5792 | YF115: 217.7404 | YG115: 218.7885 | YH115: 248.5686 | YI115: 243.8073 | YJ115: 226.074 | YK115: 226.02 | YL115: 229.7644 | YM115: 237.3998 | YN115: 208.8213 | YO115: 208.1353 | YP115: 231.0119 | YQ115: 207.6398 | YR115: 233.002 | YS115: 223.7315 | YT115: 215.9981 | YU115: 227.2848 | YV115: 224.0127 | YW115: 212.242 | YX115: 219.1156 | YY115: 224.5696 | YZ115: 237.7837 | ZA115: 224.5239 | ZB115: 231.1848 | ZC115: 219.183 | ZD115: 244.8544 | ZE115: 240.0917 | ZF115: 219.0956 | ZG115: 240.5075 | ZH115: 228.409 | ZI115: 225.9471 | ZJ115: 225.4278 | ZK115: 223.4607 | ZL115: 242.3725 | ZM115: 232.2182 | ZN115: 229.9048 | ZO115: 230.0904 | ZP115: 230.319 | ZQ115: 240.6976 | ZR115: 231.0541 | ZS115: 238.123 | ZT115: 219.799 | ZU115: 257.2076 | ZV115: 227.8221 | ZW115: 219.3669 | ZX115: 223.3442 | ZY115: 214.6322 | ZZ115: 229.1264 | AAA115: 231.7619 | AAB115: 217.2191 | AAC115: 228.5352 | AAD115: 218.3509 | AAE115: 246.5278 | AAF115: 213.3148 | AAG115: 220.8775 | AAH115: 242.938 | AAI115: 228.8397 | AAJ115: 238.7282 | AAK115: 222.1971 | AAL115: 221.3352 | AAM115: 220.3109 | AAN115: 217.6868 | AAO115: 227.6315 | AAP115: 245.0332 | AAQ115: 235.7511 | AAR115: 231.4016 | AAS115: 231.6362 | AAT115: 230.3499 | AAU115: 226.0843 | AAV115: 234.278 | AAW115: 229.1553 | AAX115: 224.9628 | AAY115: 210.1139 | AAZ115: 227.434 | ABA115: 213.3111 | ABB115: 236.4576 | ABC115: 225.6299 | ABD115: 216.4218 | ABE115: 229.0098 | ABF115: 226.5635 | ABG115: 240.5305 | ABH115: 223.38 | ABI115: 217.0093 | ABJ115: 224.1539 | ABK115: 238.7652 | ABL115: 227.4154 | ABM115: 224.6814 | ABN115: 249.3744 | ABO115: 219.251 | ABP115: 227.089 | ABQ115: 229.3796 | ABR115: 238.7222 | ABS115: 209.9924 | ABT115: 234.8071 | ABU115: 210.4001 | ABV115: 235.2081 | ABW115: 238.9833 | ABX115: 239.729 | ABY115: 218.8005 | ABZ115: 218.0774 | ACA115: 229.8769 | ACB115: 229.6457 | ACC115: 239.2692 | ACD115: 222.3008 | ACE115: 225.9622 | ACF115: 209.0198 | ACG115: 213.2774 | ACH115: 225.8554 | ACI115: 209.6656 | ACJ115: 234.5916 | ACK115: 232.8418 | ACL115: 225.113 | ACM115: 214.7655 | ACN115: 239.57 | ACO115: 226.2548 | ACP115: 217.8042 | ACQ115: 220.6725 | ACR115: 224.9874 | ACS115: 240.8076 | ACT115: 224.1965 | ACU115: 218.8018 | ACV115: 220.1537 | ACW115: 239.7352 | ACX115: 216.8172 | ACY115: 221.5437 | ACZ115: 220.1505 | ADA115: 229.7899 | ADB115: 229.3192 | ADC115: 234.9237 | ADD115: 227.1525 | ADE115: 220.6009 | ADF115: 236.0844 | ADG115: 218.9805 | ADH115: 213.914 | ADI115: 220.143 | ADJ115: 235.7579 | ADK115: 317.5013 | ADL115: 237.5385 | ADM115: 251.3374 | ADN115: 227.3942 | ADO115: 240.364 | ADP115: 254.7519 | ADQ115: 235.2551 | ADR115: 248.7912 | ADS115: 253.8798 | ADT115: 255.7993 | ADU115: 246.7441 | ADV115: 249.3348 | ADW115: 226.8851 | ADX115: 253.1731 | ADY115: 250.2271 | ADZ115: 239.378 | AEA115: 259.681 | AEB115: 249.9641 | AEC115: 256.9495 | AED115: 266.4773 | AEE115: 259.0225 | AEF115: 245.3716 | AEG115: 236.8786 | AEH115: 257.4123 | AEI115: 251.2057 | AEJ115: 238.3825 | AEK115: 253.5801 | AEL115: 239.2153 | AEM115: 239.1191 | AEN115: 241.3318 | AEO115: 248.6009 | AEP115: 239.7806 | AEQ115: 243.6432 | AER115: 246.1207 | AES115: 233.8358 | AET115: 239.3774 | AEU115: 240.9808 | AEV115: 229.1592 | AEW115: 230.8263 | AEX115: 234.3204 | AEY115: 241.7237 | AEZ115: 238.2951 | AFA115: 246.4711 | AFB115: 231.9752 | AFC115: 245.7831 | AFD115: 243.9938 | AFE115: 241.7382 | AFF115: 235.6169 | AFG115: 247.4782 | AFH115: 253.452 | AFI115: 230.3639 | AFJ115: 217.6561 | AFK115: 219.8956 | AFL115: 230.7687 | AFM115: 227.2219 | AFN115: 220.5847 | AFO115: 227.844 | AFP115: 213.7109 | AFQ115: 263.3055 | AFR115: 264.4039 | AFS115: 211.2884 | AFT115: 233.5688 | AFU115: 241.3656 | AFV115: 237.1908 | AFW115: 238.4235 | AFX115: 219.9436 | AFY115: 229.4226 | AFZ115: 222.7695 | AGA115: 211.369 | AGB115: 222.5094 | AGC115: 222.6912 | AGD115: 235.693 | AGE115: 236.9205 | AGF115: 221.5965 | AGG115: 234.9082 | AGH115: 238.9543 | AGI115: 226.1861 | AGJ115: 231.1782 | AGK115: 236.2188 | AGL115: 244.7564 | AGM115: 223.9993 | AGN115: 227.8672 | AGO115: 245.6397 | AGP115: 215.8509 | AGQ115: 240.2338 | AGR115: 224.7567 | AGS115: 227.0266 | AGT115: 228.4516 | AGU115: 237.4699 | AGV115: 232.9132 | AGW115: 216.8903 | AGX115: 218.3178 | AGY115: 229.9535 | AGZ115: 229.4797 | AHA115: 221.7407 | AHB115: 222.6295 | AHC115: 243.7652 | AHD115: 224.6183 | AHE115: 232.5521 | AHF115: 230.5706 | AHG115: 224.2647 | AHH115: 230.4625 | AHI115: 257.1272 | AHJ115: 225.9588 | AHK115: 231.0784 | AHL115: 223.1685 | AHM115: 233.4801 | AHN115: 221.6518 | AHO115: 207.602 | AHP115: 221.6032 | AHQ115: 238.5314 | AHR115: 216.2439 | AHS115: 230.4299 | AHT115: 222.9741 | AHU115: 232.8803 | AHV115: 220.9538 | AHW115: 232.8167 | AHX115: 225.5697 | AHY115: 228.8037 | AHZ115: 245.7555 | AIA115: 219.129 | AIB115: 225.9644 | AIC115: 232.1381 | AID115: 220.737 | AIE115: 235.8876 | AIF115: 217.4447 | AIG115: 221.8854 | AIH115: 243.6515 | AII115: 248.0692 | AIJ115: 226.9055 | AIK115: 216.4455 | AIL115: 224.874 | AIM115: 214.9751 | AIN115: 238.0294 | AIO115: 224.6148 | AIP115: 234.325 | AIQ115: 237.5 | AIR115: 235.1402 | AIS115: 220.0577 | AIT115: 216.2497 | AIU115: 232.5541 | AIV115: 233.2965 | AIW115: 233.333 | AIX115: 218.9409 | AIY115: 235.8118 | AIZ115: 232.0763 | AJA115: 228.2467 | AJB115: 217.091 | AJC115: 233.4903 | AJD115: 232.4129 | AJE115: 210.0807 | AJF115: 217.0094 | AJG115: 229.6772 | AJH115: 219.7965 | AJI115: 228.5795 | AJJ115: 231.4248 | AJK115: 224.8161 | AJL115: 238.6191 | AJM115: 218.9403 | AJN115: 230.3929 | AJO115: 224.6011 | AJP115: 208.5876 | AJQ115: 228.6997 | AJR115: 207.8463 | AJS115: 212.406 | AJT115: 226.4039 | AJU115: 224.0586 | AJV115: 209.1917 | AJW115: 232.0156 | AJX115: 216.2696 | AJY115: 214.1175 | AJZ115: 222.4625 | AKA115: 217.2077 | AKB115: 224.599 | AKC115: 246.0237 | AKD115: 220.4831 | AKE115: 227.7127 | AKF115: 226.671 | AKG115: 219.1011 | AKH115: 214.7819 | AKI115: 236.6013 | AKJ115: 215.3941 | AKK115: 225.1021 | AKL115: 204.5598 | AKM115: 232.9405 | AKN115: 234.7961 | AKO115: 216.7857 | AKP115: 237.6299 | AKQ115: 217.4647 | AKR115: 244.7965 | AKS115: 239.3836 | AKT115: 237.3702 | AKU115: 212.5086 | AKV115: 218.8774 | AKW115: 228.8206 | AKX115: 231.1522 | AKY115: 219.6888 | AKZ115: 227.6845 | ALA115: 241.7407 | ALB115: 227.412 | ALC115: 227.6756 | ALD115: 222.5762 | ALE115: 220.1802 | ALF115: 227.009 | ALG115: 250.0239 | ALH115: 249.8163 | ALI115: 232.7343 | ALJ115: 236.106 | ALK115: 255.3026 | ALL115: 259.1301 | ALM115: 243.3117 | ALN115: 259.5096 | ALO115: 256.933 | ALP115: 230.5918 | ALQ115: 232.3354 | ALR115: 251.8825 | ALS115: 242.3098 | ALT115: 256.9578 | ALU115: 227.8282 | ALV115: 268.4802 | ALW115: 241.329 | ALX115: 236.7728 | ALY115: 252.879 | ALZ115: 220.6686 | AMA115: 240.2696 | AMB115: 251.516 | AMC115: 257.9316 | AMD115: 232.3663 | AME115: 216.7955 | AMF115: 222.7316 | AMG115: 209.2985 | AMH115: 237.4253 | AMI115: 238.2856 | AMJ115: 221.9918 | AMK115: 220.4966 | AML115: 218.2129 | AMM115: 230.388 | AMN115: 236.3726 | AMO115: 222.05 | AMP115: 235.2977 | AMQ115: 227.1639 | AMR115: 221.6123 | AMS115: 216.2585 | AMT115: 215.741 | AMU115: 209.4309 | AMV115: 229.5349 | AMW115: 230.7619 | AMX115: 218.9128 | AMY115: 225.718 | AMZ115: 225.1673 | ANA115: 224.0151 | ANB115: 223.1372 | ANC115: 221.2208 | AND115: 232.8742 | ANE115: 219.6977 | ANF115: 245.5937 | ANG115: 214.8958 | ANH115: 220.4193 | ANI115: 231.7038 | ANJ115: 225.6233 | ANK115: 304.4976 | ANL115: 235.3409 | ANM115: 244.2855 | ANN115: 238.2078 | ANO115: 255.4746 | ANP115: 252.6049 | ANQ115: 250.9827 | ANR115: 265.9273 | ANS115: 247.0269 | ANT115: 242.1717 | ANU115: 238.3778 | ANV115: 233.9684 | ANW115: 245.1444 | ANX115: 239.2293 | ANY115: 244.3213 | ANZ115: 247.9925 | AOA115: 244.8807 | AOB115: 244.6358 | AOC115: 236.815 | AOD115: 243.2305 | AOE115: 241.633 | AOF115: 238.732 | AOG115: 247.3439 | AOH115: 239.2914 | AOI115: 234.1463 | AOJ115: 229.4462 | AOK115: 236.4763 | AOL115: 246.6124 | AOM115: 239.9417 | AON115: 236.403 | AOO115: 232.8199 | AOP115: 245.5578 | AOQ115: 247.7317 | AOR115: 240.2351 | AOS115: 242.7559 | AOT115: 255.1966 | AOU115: 246.9825 | AOV115: 245.5024 | AOW115: 237.0401 | AOX115: 234.6431 | AOY115: 239.2476 | AOZ115: 256.0078 | APA115: 250.4334 | APB115: 237.7944 | APC115: 246.7134 | APD115: 231.0308 | APE115: 268.5657 | APF115: 245.2075 | APG115: 245.04 | APH115: 250.5623 | API115: 245.2701 | APJ115: 221.7681 | APK115: 211.0739 | APL115: 224.3836 | APM115: 232.6142 | APN115: 249.8892 | APO115: 234.7709 | APP115: 220.3698 | APQ115: 229.5672 | APR115: 215.7076 | APS115: 226.0105 | APT115: 219.7872 | APU115: 209.6028 | APV115: 235.219 | APW115: 238.3913 | APX115: 229.8818 | APY115: 229.3058 | APZ115: 216.5987 | AQA115: 213.8016 | AQB115: 225.6414 | AQC115: 220.4514 | AQD115: 234.521 | AQE115: 214.3621 | AQF115: 229.918 | AQG115: 226.7089 | AQH115: 225.3585 | AQI115: 223.9955 | AQJ115: 224.1262 | AQK115: 226.7854 | AQL115: 215.0472 | AQM115: 235.167 | AQN115: 217.9511 | AQO115: 242.0412 | AQP115: 226.7529 | AQQ115: 213.0694 | AQR115: 224.1275 | AQS115: 216.8613 | AQT115: 222.7356 | AQU115: 243.1197 | AQV115: 219.958 | AQW115: 239.9954 | AQX115: 221.0228 | AQY115: 217.1393 | AQZ115: 221.2799 | ARA115: 223.7583 | ARB115: 250.488 | ARC115: 262.0735 | ARD115: 254.954 | ARE115: 254.721 | ARF115: 248.523 | ARG115: 252.9493 | ARH115: 248.3373 | ARI115: 244.087 | ARJ115: 262.1589 | ARK115: 254.6258 | ARL115: 251.3674 | ARM115: 253.3165 | ARN115: 270.9505 | ARO115: 245.8965 | ARP115: 265.3439 | ARQ115: 242.0971 | ARR115: 238.7731 | ARS115: 224.1063 | ART115: 228.8356 | ARU115: 236.5202 | ARV115: 229.5347 | ARW115: 232.3659 | ARX115: 230.2194 | ARY115: 232.0928 | ARZ115: 212.8008 | ASA115: 222.522 | ASB115: 216.9381 | ASC115: 214.0107 | ASD115: 245.9016 | ASE115: 234.3032 | ASF115: 237.6441 | ASG115: 225.539 | ASH115: 248.021 | ASI115: 228.6561 | ASJ115: 223.1039 | ASK115: 228.7633 | ASL115: 216.737 | ASM115: 226.6912 | ASN115: 225.8131 | ASO115: 227.045 | ASP115: 231.3079 | ASQ115: 227.9839 | ASR115: 231.8497 | ASS115: 223.6553 | AST115: 226.7791 | ASU115: 229.7894 | ASV115: 223.9546 | ASW115: 256.4452 | ASX115: 233.2 | ASY115: 230.5513 | ASZ115: 217.8244 | ATA115: 229.3734 | ATB115: 223.027 | ATC115: 229.0562 | ATD115: 213.7211 | ATE115: 225.7224 | ATF115: 214.4411 | ATG115: 241.8305 | ATH115: 227.6825 | ATI115: 231.713 | ATJ115: 237.4298 | ATK115: 229.7472 | ATL115: 226.7006 | ATM115: 217.816 | ATN115: 228.4349 | ATO115: 237.991 | ATP115: 223.2675 | ATQ115: 215.8581 | ATR115: 222.5069 | ATS115: 228.9217 | ATT115: 243.9765 | ATU115: 213.1756 | ATV115: 235.7071 | ATW115: 207.357 | ATX115: 224.0956 | ATY115: 242.3735 | ATZ115: 236.4849 | AUA115: 246.6872 | AUB115: 239.3159 | AUC115: 232.548 | AUD115: 226.2414 | AUE115: 218.1685 | AUF115: 229.0179 | AUG115: 211.4354 | AUH115: 218.341 | AUI115: 234.0888 | AUJ115: 237.9519 | AUK115: 216.3183 | AUL115: 231.5911 | AUM115: 232.2474 | AUN115: 236.293 | AUO115: 252.3496 | AUP115: 215.6303 | AUQ115: 225.9481 | AUR115: 244.991 | AUS115: 235.3118 | AUT115: 224.0859 | AUU115: 315.5109 | AUV115: 235.8356 | AUW115: 227.3954 | AUX115: 277.5489 | AUY115: 301.1502 | AUZ115: 270.4233 | AVA115: 257.6326 | AVB115: 281.55 | AVC115: 235.7891 | AVD115: 228.4077 | AVE115: 227.1228 | AVF115: 228.1556 | AVG115: 241.2958 | AVH115: 199.6281 | AVI115: 229.5077 | AVJ115: 231.9297 | AVK115: 239.5074 | AVL115: 236.8381 | AVM115: 245.0206 | AVN115: 210.161 | AVO115: 235.1673 | AVP115: 211.4044 | AVQ115: 221.6196 | AVR115: 227.536 | AVS115: 227.9414 | AVT115: 213.8061 | AVU115: 223.6731 | AVV115: 237.664 | AVW115: 225.8196 | AVX115: 212.7464 | AVY115: 235.7053 | AVZ115: 236.2849 | AWA115: 232.5208 | AWB115: 228.6328 | AWC115: 216.0978 | AWD115: 211.339 | AWE115: 224.2377 | AWF115: 231.1364 | AWG115: 224.2087 | AWH115: 214.1755 | AWI115: 232.1159 | AWJ115: 242.5477 | AWK115: 228.7572 | AWL115: 229.3206 | AWM115: 238.0435 | AWN115: 219.2681 | AWO115: 227.9554 | AWP115: 240.8169 | AWQ115: 242.9835 | AWR115: 231.5193 | AWS115: 217.4773 | AWT115: 238.2246 | AWU115: 236.2352 | AWV115: 231.3009 | AWW115: 221.1151 | AWX115: 203.4245 | AWY115: 211.145 | AWZ115: 217.1662 | AXA115: 233.1159 | AXB115: 226.8054 | AXC115: 224.4422 | AXD115: 222.9935 | AXE115: 242.412 | AXF115: 214.708 | AXG115: 217.461 | AXH115: 230.3563 | AXI115: 310.4156 | AXJ115: 253.4507 | AXK115: 235.5269 | AXL115: 224.0488 | AXM115: 247.0899 | AXN115: 252.8626 | AXO115: 237.025 | AXP115: 239.8393 | AXQ115: 248.8058 | AXR115: 247.6926 | AXS115: 245.3049 | AXT115: 249.2468 | AXU115: 219.4836 | AXV115: 249.6637 | AXW115: 248.4211 | AXX115: 228.5228 | AXY115: 252.5673 | AXZ115: 267.129 | AYA115: 240.2258 | AYB115: 249.3524 | AYC115: 259.2219 | AYD115: 238.2578 | AYE115: 232.9394 | AYF115: 238.3365 | AYG115: 264.7546 | AYH115: 243.1469 | AYI115: 250.685 | AYJ115: 235.1625 | AYK115: 239.0659 | AYL115: 247.2122 | AYM115: 241.8772 | AYN115: 245.1292 | AYO115: 243.5776 | AYP115: 232.7024 | AYQ115: 251.327 | AYR115: 246.1216 | AYS115: 250.2798 | AYT115: 252.7857 | AYU115: 259.0284 | AYV115: 256.3301 | AYW115: 251.6586 | AYX115: 230.7616 | AYY115: 261.426 | AYZ115: 230.2199 | AZA115: 233.5316 | AZB115: 226.4489 | AZC115: 248.6866 | AZD115: 241.7941 | AZE115: 256.3521 | AZF115: 250.7933 | AZG115: 245.1125 | AZH115: 231.1556 | AZI115: 222.987 | AZJ115: 210.1897 | AZK115: 236.3064 | AZL115: 230.8768 | AZM115: 239.3035 | AZN115: 231.5924 | AZO115: 228.9863 | AZP115: 210.2653 | AZQ115: 259.8069 | AZR115: 217.5234 | AZS115: 233.6397 | AZT115: 223.5944 | AZU115: 215.0763 | AZV115: 215.9322 | AZW115: 224.8677 | AZX115: 227.9518 | AZY115: 223.4763 | AZZ115: 230.6623 | BAA115: 213.2207 | BAB115: 224.6608 | BAC115: 231.9629 | BAD115: 226.4505 | BAE115: 223.0036 | BAF115: 227.0867 | BAG115: 228.441 | BAH115: 221.8721 | BAI115: 220.6905 | BAJ115: 220.8123 | BAK115: 221.3655 | BAL115: 233.5781 | BAM115: 221.5831 | BAN115: 214.6137 | BAO115: 240.8049 | BAP115: 216.5682 | BAQ115: 218.6269 | BAR115: 217.5124 | BAS115: 226.9833 | BAT115: 219.5685 | BAU115: 247.2764 | BAV115: 222.8861 | BAW115: 237.1229 | BAX115: 214.478 | BAY115: 229.6194 | BAZ115: 227.1297 | BBA115: 212.7855 | BBB115: 233.6694 | BBC115: 226.969 | BBD115: 228.9825 | BBE115: 242.4092 | BBF115: 218.7975 | BBG115: 235.4048 | BBH115: 214.3982 | BBI115: 232.8926 | BBJ115: 219.7626 | BBK115: 227.4177 | BBL115: 243.1733 | BBM115: 225.7637 | BBN115: 231.1202 | BBO115: 224.0475 | BBP115: 210.379 | BBQ115: 235.7731 | BBR115: 220.9902 | BBS115: 245.0227 | BBT115: 234.0337 | BBU115: 233.4394 | BBV115: 233.2856 | BBW115: 215.7737 | BBX115: 215.7125 | BBY115: 239.1735 | BBZ115: 221.4302 | BCA115: 226.3142 | BCB115: 236.9915 | BCC115: 222.1363 | BCD115: 236.9688 | BCE115: 216.2475 | BCF115: 229.9739 | BCG115: 229.3579 | BCH115: 231.0848 | BCI115: 231.1631 | BCJ115: 250.3333 | BCK115: 228.2476 | BCL115: 224.5553 | BCM115: 239.7175 | BCN115: 207.277 | BCO115: 230.643 | BCP115: 238.4811 | BCQ115: 229.5943 | BCR115: 225.2328 | BCS115: 228.5271 | BCT115: 205.9031 | BCU115: 235.1174 | BCV115: 226.2703 | BCW115: 225.4937 | BCX115: 215.1423 | BCY115: 223.1031 | BCZ115: 213.4549 | BDA115: 212.1855 | BDB115: 214.8039 | BDC115: 215.6022 | BDD115: 222.6635 | BDE115: 225.2028 | BDF115: 212.8928 | BDG115: 224.7172 | BDH115: 235.8923 | BDI115: 222.4105 | BDJ115: 217.5815 | BDK115: 216.428 | BDL115: 208.5403 | BDM115: 229.442 | BDN115: 221.6442 | BDO115: 217.693 | BDP115: 226.4901 | BDQ115: 242.7248 | BDR115: 222.3999 | BDS115: 230.8758 | BDT115: 210.4787 | BDU115: 213.9195 | BDV115: 230.9059 | BDW115: 228.8965 | BDX115: 233.4892 | BDY115: 217.5794 | BDZ115: 221.4963 | BEA115: 226.8404 | BEB115: 237.8064 | BEC115: 214.0075 | BED115: 229.704 | BEE115: 229.7458 | BEF115: 237.2333 | BEG115: 213.202 | BEH115: 210.6522 | BEI115: 226.1479 | BEJ115: 232.6629 | BEK115: 205.4856 | BEL115: 238.6263 | BEM115: 203.4691 | BEN115: 224.6373 | BEO115: 221.59 | BEP115: 210.9482 | BEQ115: 232.0741 | BER115: 223.5936 | BES115: 233.5363 | BET115: 235.2391 | BEU115: 213.2361 | BEV115: 236.6217 | BEW115: 227.6722 | BEX115: 221.3633 | BEY115: 214.2286 | BEZ115: 223.1097 | BFA115: 226.1817 | BFB115: 226.6027 | BFC115: 224.7585 | BFD115: 221.0967 | BFE115: 239.6574 | BFF115: 238.9378 | BFG115: 217.2211 | BFH115: 212.5559 | BFI115: 242.5346 | BFJ115: 209.6451 | BFK115: 236.9699 | BFL115: 216.1708 | BFM115: 204.4155 | BFN115: 232.8418 | BFO115: 228.6107 | BFP115: 252.9237 | BFQ115: 214.3395 | BFR115: 222.1065 | BFS115: 224.8 | BFT115: 218.7438 | BFU115: 222.1867 | BFV115: 225.012 | BFW115: 230.5439 | BFX115: 224.9247 | BFY115: 221.7577 | BFZ115: 219.1118 | BGA115: 234.9597 | BGB115: 230.9437 | BGC115: 240.6028 | BGD115: 231.016 | BGE115: 234.6662 | BGF115: 231.9647 | BGG115: 221.7528 | BGH115: 220.7343 | BGI115: 214.1725 | BGJ115: 228.4722 | BGK115: 222.4316 | BGL115: 217.0082 | BGM115: 224.4558 | BGN115: 221.1929 | BGO115: 242.661 | BGP115: 231.5991 | BGQ115: 213.0246 | BGR115: 227.9364 | BGS115: 235.133 | BGT115: 230.4175 | BGU115: 221.1135 | BGV115: 217.0218 | BGW115: 223.0619 | BGX115: 226.6263 | BGY115: 231.4214 | BGZ115: 217.0766 | BHA115: 213.9621 | BHB115: 234.873 | BHC115: 225.0661 | BHD115: 229.3951 | BHE115: 219.0319 | BHF115: 223.8654 | BHG115: 226.8638 | BHH115: 244.5829 | BHI115: 219.3255 | BHJ115: 214.3014 | BHK115: 224.2257 | BHL115: 307.9901 | BHM115: 244.1816 | BHN115: 234.0862 | BHO115: 251.8959 | BHP115: 258.0626 | BHQ115: 243.8334 | BHR115: 246.6801 | BHS115: 251.0066 | BHT115: 244.2593 | BHU115: 261.7048 | BHV115: 235.4687 | BHW115: 245.9673 | BHX115: 221.9037 | BHY115: 221.9577 | BHZ115: 243.3125 | BIA115: 237.7683 | BIB115: 231.3956 | BIC115: 246.5732 | BID115: 256.0774 | BIE115: 238.2109 | BIF115: 244.088 | BIG115: 254.1748 | BIH115: 247.4297 | BII115: 236.2419 | BIJ115: 263.9124 | BIK115: 230.9906 | BIL115: 247.8794 | BIM115: 238.2596 | BIN115: 235.8031 | BIO115: 254.9534 | BIP115: 254.1796 | BIQ115: 251.3784 | BIR115: 261.8721 | BIS115: 261.8135 | BIT115: 240.0139 | BIU115: 253.7747 | BIV115: 245.9835 | BIW115: 249.6694 | BIX115: 253.39 | BIY115: 241.4418 | BIZ115: 256.4006 | BJA115: 243.613 | BJB115: 244.1623 | BJC115: 254.0909 | BJD115: 252.7008 | BJE115: 249.602 | BJF115: 240.5162 | BJG115: 240.0864 | BJH115: 247.5858 | BJI115: 232.2534 | BJJ115: 249.1318 | BJK115: 215.0059 | BJL115: 247.3885 | BJM115: 231.6906 | BJN115: 244.4136 | BJO115: 235.7739 | BJP115: 257.7663 | BJQ115: 222.9199 | BJR115: 239.3189 | BJS115: 237.867 | BJT115: 226.2096 | BJU115: 233.1408 | BJV115: 223.6681 | BJW115: 238.2769 | BJX115: 220.3119 | BJY115: 205.6403 | BJZ115: 222.2934 | BKA115: 222.7429 | BKB115: 217.4596 | BKC115: 230.1744 | BKD115: 219.6567 | BKE115: 229.7001 | BKF115: 223.7422 | BKG115: 226.3717 | BKH115: 216.7695 | BKI115: 220.9918 | BKJ115: 216.9834 | BKK115: 243.0273 | BKL115: 225.9717 | BKM115: 207.1908 | BKN115: 229.2216 | BKO115: 238.3811 | BKP115: 223.8604 | BKQ115: 228.0067 | BKR115: 219.9975 | BKS115: 236.2051 | BKT115: 231.934 | BKU115: 218.5987 | BKV115: 231.9133 | BKW115: 223.1375 | BKX115: 218.5665 | BKY115: 240.4891 | BKZ115: 232.3537 | BLA115: 220.5232 | BLB115: 235.3314 | BLC115: 222.0089 | BLD115: 227.8715 | BLE115: 224.0608 | BLF115: 238.9952 | BLG115: 235.7061 | BLH115: 214.0988 | BLI115: 240.0621 | BLJ115: 216.5013 | BLK115: 217.8256 | BLL115: 221.8452 | BLM115: 213.3446 | BLN115: 227.3411 | BLO115: 228.7064 | BLP115: 207.6207 | BLQ115: 221.1119 | BLR115: 206.4654 | BLS115: 215.5322 | BLT115: 217.2079 | BLU115: 218.7621 | BLV115: 231.7183 | BLW115: 230.7613 | BLX115: 225.2892 | BLY115: 218.7696 | BLZ115: 240.8101 | BMA115: 244.5714 | BMB115: 214.8884 | BMC115: 227.1721 | BMD115: 231.0875 | BME115: 233.544 | BMF115: 235.1868 | BMG115: 235.0962 | BMH115: 233.4409 | BMI115: 230.3631 | BMJ115: 247.7851 | BMK115: 240.9042 | BML115: 231.7096 | BMM115: 237.6188 | BMN115: 217.0642 | BMO115: 222.334 | BMP115: 236.5693 | BMQ115: 228.4355 | BMR115: 211.3253 | BMS115: 217.0875 | BMT115: 227.4137 | BMU115: 237.0484 | BMV115: 224.3219 | BMW115: 228.9038 | BMX115: 233.1247 | BMY115: 219.7595 | BMZ115: 244.0904 | BNA115: 220.1683 | BNB115: 227.688 | BNC115: 208.7963 | BND115: 218.9785 | BNE115: 218.548 | BNF115: 227.2743 | BNG115: 215.9202 | BNH115: 208.0094 | BNI115: 230.2452 | BNJ115: 207.335 | BNK115: 238.2957 | BNL115: 236.4699 | BNM115: 226.8954 | BNN115: 223.7468 | BNO115: 220.3217 | BNP115: 222.9566 | BNQ115: 241.9195 | BNR115: 223.7726 | BNS115: 212.9793 | BNT115: 233.0664 | BNU115: 213.1847 | BNV115: 219.8241 | BNW115: 228.6139 | BNX115: 235.7472 | BNY115: 220.3534 | BNZ115: 232.6793 | BOA115: 217.6438 | BOB115: 235.7989 | BOC115: 227.3267 | BOD115: 227.1271 | BOE115: 228.768 | BOF115: 210.6073 | BOG115: 218.1434 | BOH115: 211.79 | BOI115: 214.2926 | BOJ115: 240.2245 | BOK115: 231.2732 | BOL115: 234.4829 | BOM115: 213.5938 | BON115: 235.1316 | BOO115: 224.4575 | BOP115: 228.4388 | BOQ115: 243.5225 | BOR115: 234.0645 | BOS115: 237.6273 | BOT115: 223.2695 | BOU115: 236.6474 | BOV115: 220.9338 | BOW115: 231.9854 | BOX115: 232.684 | BOY115: 230.4007 | BOZ115: 225.5887 | BPA115: 235.0756 | BPB115: 225.6578 | BPC115: 203.555 | BPD115: 225.4113 | BPE115: 240.7563 | BPF115: 225.8876 | BPG115: 226.6504 | BPH115: 221.0614 | BPI115: 233.1543 | BPJ115: 225.0058 | BPK115: 228.5388 | BPL115: 242.8775 | BPM115: 212.3723 | BPN115: 244.1751 | BPO115: 225.0046 | BPP115: 244.4894 | BPQ115: 225.2775 | BPR115: 236.3553 | BPS115: 227.021 | BPT115: 225.8149 | BPU115: 226.2926 | BPV115: 233.1702 | BPW115: 214.8178 | BPX115: 232.4664 | BPY115: 220.7742 | BPZ115: 213.0483 | BQA115: 228.6767 | BQB115: 229.4997 | BQC115: 222.5762 | BQD115: 240.3447 | BQE115: 227.7401 | BQF115: 227.4198 | BQG115: 229.893 | BQH115: 219.6546 | BQI115: 209.5635 | BQJ115: 235.7081 | BQK115: 231.8295 | BQL115: 237.5878 | BQM115: 234.2906 | BQN115: 240.5407 | BQO115: 226.2009 | BQP115: 237.719 | BQQ115: 228.115 | BQR115: 223.4577 | BQS115: 221.975 | BQT115: 226.2659 | BQU115: 223.7936 | BQV115: 231.5433 | BQW115: 227.6807 | BQX115: 220.6069 | BQY115: 231.2113 | BQZ115: 221.3766 | BRA115: 235.8358 | BRB115: 228.5297 | BRC115: 237.8043 | BRD115: 220.1547 | BRE115: 236.9231 | BRF115: 213.7095 | BRG115: 226.8433 | BRH115: 228.6401 | BRI115: 218.0343 | BRJ115: 212.4767 | BRK115: 238.907 | BRL115: 223.6242 | BRM115: 232.3655 | BRN115: 225.8745 | BRO115: 240.0962 | BRP115: 240.9979 | BRQ115: 206.2295 | BRR115: 226.2457 | BRS115: 245.8591 | BRT115: 207.894 | BRU115: 227.1435 | BRV115: 237.698 | BRW115: 232.6809 | BRX115: 224.8873 | BRY115: 240.3092 | BRZ115: 220.7152 | BSA115: 226.9899 | BSB115: 233.4535 | BSC115: 225.9649 | BSD115: 222.769 | BSE115: 239.5246 | BSF115: 226.7244 | BSG115: 229.7769 | BSH115: 218.7819 | BSI115: 223.3272 | BSJ115: 209.2837 | BSK115: 226.889 | BSL115: 216.3199 | BSM115: 227.7935 | BSN115: 221.0485 | BSO115: 222.0626 | BSP115: 231.6878 | BSQ115: 227.4951 | BSR115: 240.3223 | BSS115: 234.3343 | BST115: 232.8979 | BSU115: 221.3457 | BSV115: 226.0857 | BSW115: 234.287 | BSX115: 219.0769 | BSY115: 245.6493 | BSZ115: 214.5284 | BTA115: 221.6838 | BTB115: 224.2588 | BTC115: 236.7244 | BTD115: 226.3571 | BTE115: 234.8823 | BTF115: 222.0228 | BTG115: 211.0482 | BTH115: 235.0011 | BTI115: 234.5551 | BTJ115: 231.23 | BTK115: 238.9179 | BTL115: 239.7835 | BTM115: 219.3645 | BTN115: 233.4988 | BTO115: 215.5152 | BTP115: 229.7329 | BTQ115: 234.427 | BTR115: 224.9381 | BTS115: 219.7368 | BTT115: 218.3615 | BTU115: 228.6046 | BTV115: 219.7215 | BTW115: 228.5446 | BTX115: 219.9605 | BTY115: 241.9046 | BTZ115: 232.3219 | BUA115: 224.7205 | BUB115: 245.5435 | BUC115: 221.2379 | BUD115: 215.9979 | BUE115: 228.5186 | BUF115: 221.1077 | BUG115: 224.882 | BUH115: 227.3299 | BUI115: 234.0236 | BUJ115: 207.0899 | BUK115: 225.7487 | BUL115: 225.2202 | BUM115: 226.5569 | BUN115: 239.9604 | BUO115: 234.9932 | BUP115: 250.2136 | BUQ115: 230.7778 | BUR115: 229.5605 | BUS115: 228.5681 | BUT115: 206.873 | BUU115: 236.6814 | BUV115: 225.2516 | BUW115: 219.9335 | BUX115: 220.1981 | BUY115: 222.5511 | BUZ115: 242.8128 | BVA115: 229.9931 | BVB115: 216.4445 | BVC115: 217.2108 | BVD115: 226.1758 | BVE115: 231.4968 | BVF115: 230.0479 | BVG115: 242.2919 | BVH115: 233.7809 | BVI115: 240.6374 | BVJ115: 248.8232 | BVK115: 247.6216 | BVL115: 235.3114 | BVM115: 230.0314 | BVN115: 231.3847 | BVO115: 237.5427 | BVP115: 232.0353 | BVQ115: 242.6735 | BVR115: 241.7576 | BVS115: 234.1192 | BVT115: 216.2788 | BVU115: 229.8603 | BVV115: 215.2283 | BVW115: 222.7348 | BVX115: 217.8629 | BVY115: 222.4814 | BVZ115: 248.4547 | BWA115: 228.9849 | BWB115: 223.4882 | BWC115: 231.5442 | BWD115: 240.1743 | BWE115: 225.2154 | BWF115: 212.5392 | BWG115: 225.4867 | BWH115: 232.0162 | BWI115: 234.0559 | BWJ115: 231.738 | BWK115: 232.7441 | BWL115: 240.9191 | BWM115: 225.4261 | BWN115: 246.92 | BWO115: 235.3765 | BWP115: 230.3602 | BWQ115: 233.4765 | BWR115: 222.1327 | BWS115: 230.7549 | BWT115: 237.1726 | BWU115: 220.9019 | BWV115: 225.8838 | BWW115: 232.5859 | BWX115: 219.1649 | BWY115: 228.7074 | BWZ115: 214.0169 | BXA115: 241.1025 | BXB115: 227.7746 | BXC115: 227.1039 | BXD115: 224.7716 | BXE115: 222.9932 | BXF115: 223.439 | BXG115: 216.2604 | BXH115: 221.3082 | BXI115: 250.1879 | BXJ115: 257.7943 | BXK115: 262.3155 | BXL115: 229.3267 | BXM115: 227.6744 | BXN115: 219.2847 | BXO115: 281.5362 | BXP115: 268.8309 | BXQ115: 247.7621 | BXR115: 243.6662 | BXS115: 245.3606 | BXT115: 234.9011 | BXU115: 223.0592 | BXV115: 212.1728 | BXW115: 223.7852 | BXX115: 235.2792 | BXY115: 215.4614 | BXZ115: 241.5777 | BYA115: 225.9805 | BYB115: 232.4095 | BYC115: 221.9731 | BYD115: 227.9403 | BYE115: 236.9373 | BYF115: 215.6523 | BYG115: 229.8736 | BYH115: 225.3833 | BYI115: 226.4554 | BYJ115: 224.8695 | BYK115: 238.9838 | BYL115: 228.3427 | BYM115: 220.8271 | BYN115: 239.2885 | BYO115: 222.2178 | BYP115: 220.9564 | BYQ115: 212.6509 | BYR115: 243.0713 | BYS115: 227.8296 | BYT115: 223.256 | BYU115: 231.8878 | BYV115: 242.4248 | BYW115: 218.5771 | BYX115: 236.4059 | BYY115: 222.0356 | BYZ115: 225.0093 | BZA115: 204.1438 | BZB115: 217.3493 | BZC115: 222.2021 | BZD115: 229.3845 | BZE115: 232.2833 | BZF115: 226.2065 | BZG115: 224.4025 | BZH115: 224.9077 | BZI115: 232.14 | BZJ115: 213.8381 | BZK115: 227.1644 | BZL115: 245.3088 | BZM115: 228.3905 | BZN115: 228.5758 | BZO115: 221.2361 | BZP115: 225.0053 | BZQ115: 233.6616 | BZR115: 226.4774 | BZS115: 223.7303 | BZT115: 243.4048 | BZU115: 228.3088 | BZV115: 235.0464 | BZW115: 229.959 | BZX115: 214.6008 | BZY115: 244.3797 | BZZ115: 226.4718 | CAA115: 230.4854 | CAB115: 218.958 | CAC115: 240.4545 | CAD115: 237.5399 | CAE115: 226.1923 | CAF115: 272.288 | CAG115: 271.3454 | CAH115: 267.9664 | CAI115: 238.1381 | CAJ115: 224.1094 | CAK115: 214.8756 | CAL115: 226.7228 | CAM115: 224.4073 | CAN115: 237.8219 | CAO115: 222.165 | CAP115: 245.8915 | CAQ115: 227.5352 | CAR115: 213.198 | CAS115: 234.3306 | CAT115: 244.7247 | CAU115: 220.7664 | CAV115: 233.9387 | CAW115: 230.5075 | CAX115: 227.8805 | CAY115: 223.2345 | CAZ115: 224.5701 | CBA115: 220.8439 | CBB115: 228.0397 | CBC115: 240.6921 | CBD115: 234.3754 | CBE115: 226.472 | CBF115: 227.4581 | CBG115: 224.7574 | CBH115: 231.6569 | CBI115: 235.2177 | CBJ115: 231.7386 | CBK115: 241.5529 | CBL115: 245.1005 | CBM115: 216.4995 | CBN115: 248.2023 | CBO115: 221.4614 | CBP115: 225.1744 | CBQ115: 217.3213 | CBR115: 223.8938 | CBS115: 205.4743 | CBT115: 222.0635 | CBU115: 232.0246 | CBV115: 220.9801 | CBW115: 223.4149 | CBX115: 244.5457 | CBY115: 236.8301 | CBZ115: 233.694 | CCA115: 217.0903 | CCB115: 240.5432 | CCC115: 240.8962 | CCD115: 236.9567 | CCE115: 218.8247 | CCF115: 213.4562 | CCG115: 225.7156 | CCH115: 236.6029 | CCI115: 225.9911 | CCJ115: 230.5344 | CCK115: 220.118 | CCL115: 240.409 | CCM115: 225.1337 | CCN115: 233.5871 | CCO115: 228.3998 | CCP115: 229.0021 | CCQ115: 228.3756 | CCR115: 232.4379 | CCS115: 223.7872 | CCT115: 225.2601 | CCU115: 234.1522 | CCV115: 242.2567 | CCW115: 217.6132 | CCX115: 205.4452 | CCY115: 219.595 | CCZ115: 231.8418 | CDA115: 227.7628 | CDB115: 224.7065 | CDC115: 224.8172 | CDD115: 214.8694 | CDE115: 236.7785 | CDF115: 222.8074 | CDG115: 227.7472 | CDH115: 216.9696 | CDI115: 220.043 | CDJ115: 227.6353 | CDK115: 210.3051 | CDL115: 206.3822 | CDM115: 237.7577 | CDN115: 224.3432 | CDO115: 199.6148 | CDP115: 226.028 | CDQ115: 254.285 | CDR115: 226.5744 | CDS115: 222.1705 | CDT115: 226.7868 | CDU115: 234.1608 | CDV115: 222.4026 | CDW115: 219.0355 | CDX115: 236.4241 | CDY115: 212.4286 | CDZ115: 216.2265 | CEA115: 230.6392 | CEB115: 232.0598 | CEC115: 229.5209 | CED115: 222.3619 | CEE115: 232.5906 | CEF115: 224.1988 | CEG115: 222.3361 | CEH115: 221.7881 | CEI115: 219.5593 | CEJ115: 238.4946 | CEK115: 220.7581 | CEL115: 221.0531 | CEM115: 235.7818 | CEN115: 235.1721 | CEO115: 220.923 | CEP115: 215.5501 | CEQ115: 217.1859 | CER115: 235.1013 | CES115: 218.1662 | CET115: 238.3409 | CEU115: 215.2482 | CEV115: 226.1068 | CEW115: 226.706 | CEX115: 208.4696 | CEY115: 231.4186 | CEZ115: 225.7595 | CFA115: 242.5162 | CFB115: 223.0083 | CFC115: 227.4996 | CFD115: 229.7621 | CFE115: 245.8022 | CFF115: 233.2822 | CFG115: 237.1063 | CFH115: 213.1913 | CFI115: 214.8996 | CFJ115: 225.2855 | CFK115: 249.6117 | CFL115: 222.9957 | CFM115: 215.2963 | CFN115: 245.5347 | CFO115: 240.6928 | CFP115: 216.5459 | CFQ115: 221.2835 | CFR115: 227.0792 | CFS115: 238.8474 | CFT115: 240.2722 | CFU115: 234.7366 | CFV115: 240.348 | CFW115: 226.31 | CFX115: 215.4012 | CFY115: 228.1164 | CFZ115: 222.0534 | CGA115: 236.0073 | CGB115: 226.6271 | CGC115: 213.7457 | CGD115: 213.5735 | CGE115: 228.1808 | CGF115: 232.745 | CGG115: 217.7768 | CGH115: 220.6902 | CGI115: 216.847 | CGJ115: 221.3971 | CGK115: 243.1385 | CGL115: 213.2234 | CGM115: 219.511 | CGN115: 234.9741 | CGO115: 228.0873 | CGP115: 218.4553 | CGQ115: 227.7994 | CGR115: 220.3542 | CGS115: 260.5867 | CGT115: 219.6231 | CGU115: 213.1835 | CGV115: 263.7212 | CGW115: 225.2307 | CGX115: 223.1813 | CGY115: 227.4324 | CGZ115: 231.1531 | CHA115: 232.3083 | CHB115: 218.0052 | CHC115: 221.8724 | CHD115: 215.5446 | CHE115: 230.2952 | CHF115: 224.8415 | CHG115: 236.0206 | CHH115: 219.3254 | CHI115: 211.5652 | CHJ115: 235.5605 | CHK115: 241.8949 | CHL115: 231.3314 | CHM115: 232.3817 | CHN115: 244.874 | CHO115: 238.2596 | CHP115: 229.8189 | CHQ115: 231.3978 | CHR115: 239.1925 | CHS115: 229.5577 | CHT115: 226.088 | CHU115: 227.4506 | CHV115: 218.1842 | CHW115: 224.1754 | CHX115: 226.7273 | CHY115: 234.6199 | CHZ115: 219.9104 | CIA115: 256.6991 | CIB115: 204.2298 | CIC115: 217.2767 | CID115: 235.9583 | CIE115: 232.7949 | CIF115: 225.3082 | CIG115: 231.6864 | CIH115: 236.8752 | CII115: 241.8495 | CIJ115: 226.7118 | CIK115: 228.1898 | CIL115: 228.4048 | CIM115: 220.814 | CIN115: 221.7138 | CIO115: 232.4154 | CIP115: 222.2381 | CIQ115: 219.8271 | CIR115: 208.0817 | CIS115: 239.8784 | CIT115: 223.4509 | CIU115: 242.1001 | CIV115: 213.3845 | CIW115: 224.619 | CIX115: 223.1063 | CIY115: 225.6281 | CIZ115: 234.0153 | CJA115: 235.3754 | CJB115: 226.2131 | CJC115: 214.7004 | CJD115: 232.7701 | CJE115: 219.9813 | CJF115: 223.5391 | CJG115: 223.0923 | CJH115: 226.3522 | CJI115: 212.8237 | CJJ115: 220.4594 | CJK115: 232.3697 | CJL115: 231.2978 | CJM115: 209.7563 | CJN115: 228.4994 | CJO115: 235.6083 | CJP115: 223.3233 | CJQ115: 226.8492 | CJR115: 208.6486 | CJS115: 229.5614 | CJT115: 234.2327 | CJU115: 217.219 | CJV115: 224.0272 | CJW115: 227.1869 | CJX115: 226.4078 | CJY115: 229.0894 | CJZ115: 208.9372 | CKA115: 222.0257 | CKB115: 234.2652 | CKC115: 223.6742 | CKD115: 230.4826 | CKE115: 228.9772 | CKF115: 222.1024 | CKG115: 222.0349 | CKH115: 252.529 | CKI115: 278.2561 | CKJ115: 236.6947 | CKK115: 228.1263 | CKL115: 236.4747 | CKM115: 223.3033 | CKN115: 238.5763 | CKO115: 224.0062 | CKP115: 225.2865 | CKQ115: 234.1139 | CKR115: 203.5463 | CKS115: 229.1995 | CKT115: 226.1609 | CKU115: 227.3859 | CKV115: 226.5036 | CKW115: 229.2295 | CKX115: 221.2261 | CKY115: 208.5901 | CKZ115: 218.7758 | CLA115: 224.1613 | CLB115: 227.5831 | CLC115: 246.4972 | CLD115: 213.8344 | CLE115: 231.9983 | CLF115: 225.1923 | CLG115: 213.3005 | CLH115: 219.2672 | CLI115: 219.8866 | CLJ115: 221.8166 | CLK115: 235.1253 | CLL115: 219.49 | CLM115: 222.8062 | CLN115: 227.3565 | CLO115: 223.8186 | CLP115: 223.895 | CLQ115: 211.2613 | CLR115: 235.8394 | CLS115: 217.2893 | CLT115: 228.1653 | CLU115: 245.8714 | CLV115: 241.0403 | CLW115: 243.7016 | CLX115: 213.4071 | CLY115: 236.6468 | CLZ115: 217.7483 | CMA115: 204.9248 | CMB115: 227.9563 | CMC115: 222.6756 | CMD115: 224.0673 | CME115: 235.577 | CMF115: 228.8367 | CMG115: 224.5618 | CMH115: 236.5134 | CMI115: 207.0417 | CMJ115: 230.0369 | CMK115: 225.7405 | CML115: 220.8827 | CMM115: 231.4699 | CMN115: 223.1601 | CMO115: 218.7778 | CMP115: 231.9479 | CMQ115: 230.7401 | CMR115: 208.2584 | CMS115: 212.6754 | CMT115: 209.3809 | CMU115: 213.5212 | CMV115: 224.4974 | CMW115: 221.9939 | CMX115: 211.8844 | CMY115: 211.9501 | CMZ115: 242.7698 | CNA115: 226.1409 | CNB115: 213.4053 | CNC115: 225.5371 | CND115: 227.6146 | CNE115: 227.9486 | CNF115: 209.3162 | CNG115: 210.0834 | CNH115: 234.2259 | CNI115: 242.2358 | CNJ115: 205.8467 | CNK115: 211.5197 | CNL115: 221.6163 | CNM115: 231.7633 | CNN115: 226.7373 | CNO115: 246.5975 | CNP115: 224.73 | CNQ115: 203.4063 | CNR115: 228.7444 | CNS115: 225.6065 | CNT115: 227.1296 | CNU115: 225.5108 | CNV115: 227.6896 | CNW115: 226.6267 | CNX115: 226.1214 | CNY115: 219.1652 | CNZ115: 236.1147 | COA115: 224.9797 | COB115: 259.0489 | COC115: 207.6303 | COD115: 224.5901 | COE115: 226.8473 | COF115: 234.4162 | COG115: 212.3466 | COH115: 219.4383 | COI115: 215.4116 | COJ115: 226.7976 | COK115: 237.3381 | COL115: 239.8466 | COM115: 240.5069 | CON115: 229.089 | COO115: 243.4789 | COP115: 230.1673 | COQ115: 218.3543 | COR115: 256.1733 | COS115: 231.7143 | COT115: 238.0871 | COU115: 237.1441 | COV115: 229.7195 | COW115: 232.894 | COX115: 232.1158 | COY115: 236.898 | COZ115: 252.5389 | CPA115: 226.5866 | CPB115: 224.5101 | CPC115: 218.1725 | CPD115: 217.5289 | CPE115: 254.6463 | CPF115: 238.7248 | CPG115: 218.1491 | CPH115: 228.1042 | CPI115: 243.9454 | CPJ115: 250.6912 | CPK115: 210.7546 | CPL115: 220.4854 | CPM115: 238.5013 | CPN115: 219.6192 | CPO115: 243.5982 | CPP115: 255.0869 | CPQ115: 225.9859 | CPR115: 238.382 | CPS115: 238.4779 | CPT115: 213.6567 | CPU115: 225.6331 | CPV115: 226.648 | CPW115: 237.775 | CPX115: 234.8322 | CPY115: 212.5173 | CPZ115: 228.9946 | CQA115: 232.3625 | CQB115: 210.2595 | CQC115: 220.9151 | CQD115: 239.2666 | CQE115: 236.1206 | CQF115: 211.1192 | CQG115: 236.4774 | CQH115: 220.0324 | CQI115: 224.8227 | CQJ115: 244.3925 | CQK115: 228.3477 | CQL115: 217.4872 | CQM115: 239.5712 | CQN115: 238.1327 | CQO115: 242.3266 | CQP115: 247.3014 | CQQ115: 210.2941 | CQR115: 221.9367 | CQS115: 211.4617 | CQT115: 225.7695 | CQU115: 236.9087 | CQV115: 224.9952 | CQW115: 263.0259 | CQX115: 242.6641 | CQY115: 225.9659 | CQZ115: 220.8692 | CRA115: 221.8493 | CRB115: 217.4801 | CRC115: 219.9329 | CRD115: 212.9609 | CRE115: 237.4654 | CRF115: 236.0397 | CRG115: 224.2307 | CRH115: 223.5495 | CRI115: 224.1677 | CRJ115: 241.4141 | CRK115: 220.1412 | CRL115: 220.9344 | CRM115: 228.342 | CRN115: 241.2848 | CRO115: 237.9913 | CRP115: 231.651 | CRQ115: 216.0799 | CRR115: 220.3333 | CRS115: 224.0849 | CRT115: 215.9787 | CRU115: 221.3346 | CRV115: 223.3326 | CRW115: 219.1638 | CRX115: 251.633 | CRY115: 222.9143 | CRZ115: 233.875 | CSA115: 233.1063 | CSB115: 237.2494 | CSC115: 222.5631 | CSD115: 224.6128 | CSE115: 223.9991 | CSF115: 235.0621 | CSG115: 221.556 | CSH115: 218.5863 | CSI115: 233.0175 | CSJ115: 241.4282 | CSK115: 214.2478 | CSL115: 230.9827 | CSM115: 234.8356 | CSN115: 224.6983 | CSO115: 218.7959 | CSP115: 239.7593 | CSQ115: 230.1251 | CSR115: 252.7303 | CSS115: 242.9408 | CST115: 241.1308 | CSU115: 250.6249 | CSV115: 238.3725 | CSW115: 241.47 | CSX115: 225.7327 | CSY115: 236.4644 | CSZ115: 232.9185 | CTA115: 255.5829 | CTB115: 229.9591 | CTC115: 244.185 | CTD115: 225.7667 | CTE115: 241.0646 | CTF115: 232.0082 | CTG115: 256.1159 | CTH115: 233.7131 | CTI115: 217.7084 | CTJ115: 233.5812 | CTK115: 239.0631 | CTL115: 224.0134 | CTM115: 223.0603 | CTN115: 219.2017 | CTO115: 228.8707 | CTP115: 232.7786 | CTQ115: 236.5788 | CTR115: 219.5464 | CTS115: 222.5976 | CTT115: 247.9365 | CTU115: 245.6418 | CTV115: 247.4358 | CTW115: 254.1768 | CTX115: 232.3025 | CTY115: 231.2076 | CTZ115: 225.5574 | CUA115: 222.5386 | CUB115: 248.7951 | CUC115: 229.6343 | CUD115: 219.286 | CUE115: 239.5712 | CUF115: 251.1173 | CUG115: 221.166 | CUH115: 230.1004 | CUI115: 224.6756 | CUJ115: 226.5717 | CUK115: 228.2114 | CUL115: 221.2728 | CUM115: 210.9183 | CUN115: 223.0523 | CUO115: 223.2285 | CUP115: 241.8939 | CUQ115: 216.5508 | CUR115: 227.7118 | CUS115: 222.7891 | CUT115: 219.3682 | CUU115: 225.02 | CUV115: 244.0448 | CUW115: 212.8489 | CUX115: 271.5521 | CUY115: 225.8417 | CUZ115: 226.8815 | CVA115: 239.7154 | CVB115: 239.868 | CVC115: 216.1183 | CVD115: 215.3577 | CVE115: 211.4878 | CVF115: 231.7578 | CVG115: 220.4611 | CVH115: 217.9427 | CVI115: 235.9601 | CVJ115: 239.3698 | CVK115: 215.3285 | CVL115: 232.9578 | CVM115: 217.555 | CVN115: 253.7162 | CVO115: 225.6704 | CVP115: 241.5117 | CVQ115: 227.9038 | CVR115: 224.2674 | CVS115: 227.6083 | CVT115: 232.317 | CVU115: 240.353 | CVV115: 228.3917 | CVW115: 243.3999 | CVX115: 243.5963 | CVY115: 201.4545 | CVZ115: 241.2128 | CWA115: 226.3515 | CWB115: 222.2911 | CWC115: 225.5771 | CWD115: 235.1805 | CWE115: 224.7441 | CWF115: 228.9707 | CWG115: 216.9027 | CWH115: 225.8094 | CWI115: 232.2067 | CWJ115: 215.7527 | CWK115: 233.9209 | CWL115: 215.5393 | CWM115: 217.6767 | CWN115: 236.6524 | CWO115: 223.2278 | CWP115: 228.1853 | CWQ115: 235.4821 | CWR115: 241.2605 | CWS115: 216.6646 | CWT115: 254.5338 | CWU115: 229.3971 | CWV115: 233.9198 | CWW115: 219.0217 | CWX115: 230.1582 | CWY115: 223.6071 | CWZ115: 229.9417 | CXA115: 227.4779 | CXB115: 239.4936 | CXC115: 225.4909 | CXD115: 228.5491 | CXE115: 227.3503 | CXF115: 222.7085 | CXG115: 243.5423 | CXH115: 230.4888 | CXI115: 229.7076 | CXJ115: 231.7963 | CXK115: 226.9075 | CXL115: 217.0451 | CXM115: 227.5711 | CXN115: 215.7424 | CXO115: 219.7241 | CXP115: 228.8189 | CXQ115: 233.8807 | CXR115: 216.2312 | CXS115: 215.4272 | CXT115: 238.9076 | CXU115: 235.1488 | CXV115: 233.3763 | CXW115: 250.1645 | CXX115: 239.0008 | CXY115: 214.6407 | CXZ115: 223.0672 | CYA115: 234.5859 | CYB115: 223.6949 | CYC115: 221.7378 | CYD115: 222.3837 | CYE115: 217.0068 | CYF115: 235.1369 | CYG115: 219.5818 | CYH115: 237.6681 | CYI115: 234.4791 | CYJ115: 223.4056 | CYK115: 209.5079 | CYL115: 230.1927 | CYM115: 227.5474 | CYN115: 210.183 | CYO115: 241.3379 | CYP115: 237.8473 | CYQ115: 233.4928 | CYR115: 216.4547 | CYS115: 235.3801 | CYT115: 226.1515 | CYU115: 232.0047 | CYV115: 224.9797 | CYW115: 241.2535 | CYX115: 233.9552 | CYY115: 246.8242 | CYZ115: 268.6648 | CZA115: 242.1563 | CZB115: 256.7638 | CZC115: 253.0508 | CZD115: 260.3934 | CZE115: 257.8791 | CZF115: 256.7471 | CZG115: 274.8839 | CZH115: 255.9135 | CZI115: 255.3148 | CZJ115: 251.2457 | CZK115: 257.556 | CZL115: 265.7145 | CZM115: 270.1906 | CZN115: 241.6669 | CZO115: 261.2565 | CZP115: 243.5879 | CZQ115: 282.9138 | CZR115: 259.6021 | CZS115: 222.5756 | CZT115: 216.9152 | CZU115: 224.7604 | CZV115: 219.5808 | CZW115: 235.4067 | CZX115: 223.8051 | CZY115: 234.6859 | CZZ115: 238.8845 | DAA115: 215.4237 | DAB115: 226.6106 | DAC115: 229.2282 | DAD115: 223.2128 | DAE115: 239.0237 | DAF115: 234.443 | DAG115: 230.0648 | DAH115: 214.2682 | DAI115: 246.1626 | DAJ115: 227.5158 | DAK115: 203.1224 | DAL115: 220.0699 | DAM115: 240.3661 | DAN115: 237.3077 | DAO115: 247.8655 | DAP115: 217.7335 | DAQ115: 230.7353 | DAR115: 238.5222 | DAS115: 239.9905 | DAT115: 225.2545 | DAU115: 234.5212 | DAV115: 226.0888 | DAW115: 233.8693 | DAX115: 247.2845 | DAY115: 232.996 | DAZ115: 204.1739 | DBA115: 210.7366 | DBB115: 229.8155 | DBC115: 229.0833 | DBD115: 234.7406 | DBE115: 216.4329 | DBF115: 223.3429 | DBG115: 225.4136 | DBH115: 226.9759 | DBI115: 232.3669 | DBJ115: 236.0508 | DBK115: 205.208 | DBL115: 217.0117 | DBM115: 234.3456 | DBN115: 223.7464 | DBO115: 222.1744 | DBP115: 235.2574 | DBQ115: 226.2078 | DBR115: 230.0457 | DBS115: 224.9353 | DBT115: 235.7372 | DBU115: 204.8021 | DBV115: 225.6301 | DBW115: 234.2636 | DBX115: 238.3138 | DBY115: 224.5011 | DBZ115: 242.6334 | DCA115: 227.9968 | DCB115: 228.5986 | DCC115: 218.0165 | DCD115: 224.7888 | DCE115: 264.3102 | DCF115: 218.6778 | DCG115: 234.5669 | DCH115: 206.2398 | DCI115: 231.2093 | DCJ115: 219.5633 | DCK115: 226.1326 | DCL115: 232.4128 | DCM115: 230.6535 | DCN115: 231.3633 | DCO115: 234.5926 | DCP115: 220.3148 | DCQ115: 228.8454 | DCR115: 253.3607 | DCS115: 223.0114 | DCT115: 239.9334 | DCU115: 212.5711 | DCV115: 254.1627 | DCW115: 229.7011 | DCX115: 251.5136 | DCY115: 223.3486 | DCZ115: 235.889 | DDA115: 212.5557 | DDB115: 243.2116 | DDC115: 226.4224 | DDD115: 218.5038 | DDE115: 287.258 | DDF115: 294.4386 | DDG115: 242.3068 | DDH115: 229.6166 | DDI115: 285.5803 | DDJ115: 233.8759 | DDK115: 236.3234 | DDL115: 224.7876 | DDM115: 230.319 | DDN115: 222.3528 | DDO115: 227.632 | DDP115: 230.0604 | DDQ115: 233.7473 | DDR115: 237.0327 | DDS115: 233.8302 | DDT115: 209.4707 | DDU115: 245.0037 | DDV115: 228.904 | DDW115: 209.8107 | DDX115: 213.7123 | DDY115: 215.0197 | DDZ115: 221.3899 | DEA115: 226.5656 | DEB115: 232.165 | DEC115: 211.657 | DED115: 237.2878 | DEE115: 206.942 | DEF115: 219.8498 | DEG115: 220.1122 | DEH115: 211.5978 | DEI115: 231.3866 | DEJ115: 213.4449 | DEK115: 221.6898 | DEL115: 222.6112 | DEM115: 223.136 | DEN115: 216.6843 | DEO115: 235.2255 | DEP115: 214.7675 | DEQ115: 240.0195 | DER115: 234.347 | DES115: 230.6563 | DET115: 223.5463 | DEU115: 215.1967 | DEV115: 228.6557 | DEW115: 203.247 | DEX115: 225.4007 | DEY115: 213.7685 | DEZ115: 203.3381 | DFA115: 220.983 | DFB115: 232.5391 | DFC115: 208.9837 | DFD115: 233.1614 | DFE115: 226.1112 | DFF115: 244.9938 | DFG115: 222.2529 | DFH115: 222.1359 | DFI115: 234.6909 | DFJ115: 225.143 | DFK115: 221.531 | DFL115: 238.112 | DFM115: 235.0718 | DFN115: 224.7179 | DFO115: 226.6059 | DFP115: 221.3219 | DFQ115: 227.1688 | DFR115: 231.3895 | DFS115: 216.626 | DFT115: 225.8563 | DFU115: 227.1235 | DFV115: 233.8176 | DFW115: 217.8303 | DFX115: 226.082 | DFY115: 225.4402 | DFZ115: 227.0855 | DGA115: 240.4315 | DGB115: 208.6067 | DGC115: 236.0831 | DGD115: 232.3135 | DGE115: 239.2758 | DGF115: 230.359 | DGG115: 213.1534 | DGH115: 231.8594 | DGI115: 228.5892 | DGJ115: 234.3137 | DGK115: 210.879 | DGL115: 230.3189 | DGM115: 219.3024 | DGN115: 231.0822 | DGO115: 222.2364 | DGP115: 231.206 | DGQ115: 219.513 | DGR115: 214.4808 | DGS115: 220.62 | DGT115: 215.3454 | DGU115: 239.9068 | DGV115: 205.5792 | DGW115: 229.902 | DGX115: 212.621 | DGY115: 208.7567 | DGZ115: 213.9711 | DHA115: 224.8925 | DHB115: 230.6198 | DHC115: 222.8208 | DHD115: 226.9295 | DHE115: 241.2026 | DHF115: 232.1886 | DHG115: 241.1064 | DHH115: 243.6477 | DHI115: 222.7474 | DHJ115: 232.0854 | DHK115: 218.1873 | DHL115: 216.8402 | DHM115: 240.5283 | DHN115: 218.0129 | DHO115: 231.2495 | DHP115: 239.9282 | DHQ115: 214.0297 | DHR115: 229.8129 | DHS115: 233.8821 | DHT115: 225.2043 | DHU115: 230.7599 | DHV115: 222.9358 | DHW115: 231.705 | DHX115: 230.1654 | DHY115: 232.2793 | DHZ115: 220.612 | DIA115: 220.6114 | DIB115: 225.5443 | DIC115: 226.0434 | DID115: 226.7682 | DIE115: 224.5225 | DIF115: 221.8751 | DIG115: 227.3847 | DIH115: 219.0462 | DII115: 231.4298 | DIJ115: 224.9294 | DIK115: 220.5117 | DIL115: 223.0886 | DIM115: 238.6747 | DIN115: 223.166 | DIO115: 244.8612 | DIP115: 223.9962 | DIQ115: 235.8761 | DIR115: 215.729 | DIS115: 222.0621 | DIT115: 234.0534 | DIU115: 230.3446 | DIV115: 218.083 | DIW115: 215.2462 | DIX115: 232.0276 | DIY115: 238.3291 | DIZ115: 234.4029 | DJA115: 229.4304 | DJB115: 219.3448 | DJC115: 221.5115 | DJD115: 235.5108 | DJE115: 212.444 | DJF115: 233.3882 | DJG115: 238.1633 | DJH115: 234.4048 | DJI115: 213.0418 | DJJ115: 217.4121 | DJK115: 241.764 | DJL115: 245.2475 | DJM115: 235.7892 | DJN115: 235.4642 | DJO115: 236.8388 | DJP115: 221.4375 | DJQ115: 247.6815 | DJR115: 245.3091 | DJS115: 222.3758 | DJT115: 227.9042 | DJU115: 236.4202 | DJV115: 238.6411 | DJW115: 232.3424 | DJX115: 234.2472 | DJY115: 241.793 | DJZ115: 246.3341 | DKA115: 214.7389 | DKB115: 221.263 | DKC115: 242.8261 | DKD115: 213.2814 | DKE115: 234.0744 | DKF115: 234.5695 | DKG115: 220.4898 | DKH115: 217.9534 | DKI115: 217.0088 | DKJ115: 226.5792 | DKK115: 253.9726 | DKL115: 224.6669 | DKM115: 228.4674 | DKN115: 234.5031 | DKO115: 209.7316 | DKP115: 252.7626 | DKQ115: 236.5031 | DKR115: 233.0108 | DKS115: 252.1068 | DKT115: 221.0605 | DKU115: 230.5489 | DKV115: 221.4665 | DKW115: 226.218 | DKX115: 222.4969 | DKY115: 233.2943
A116: SVC | B116: predictions_1 | C116: =AVERAGE(F116:DJI116) -> 223.81121 | D116: =_xlfn.STDEV.S(F116:DJI116) -> 10.021346 | F116: 202.9436 | G116: 205.0934 | H116: 227.5971 | I116: 228.9426 | J116: 219.5371 | K116: 218.9038 | L116: 219.0955 | M116: 211.6633 | N116: 216.4559 | O116: 211.7044 | P116: 208.398 | Q116: 229.5235 | R116: 217.2995 | S116: 211.4384 | T116: 210.4341 | U116: 218.7405 | V116: 231.7406 | W116: 230.2824 | X116: 215.7608 | Y116: 227.8073 | Z116: 220.4383 | AA116: 225.7255 | AB116: 225.0664 | AC116: 223.8221 | AD116: 206.8965 | AE116: 227.5063 | AF116: 225.6938 | AG116: 233.4145 | AH116: 217.5853 | AI116: 225.4903 | AJ116: 221.5546 | AK116: 200.3823 | AL116: 226.6164 | AM116: 238.7557 | AN116: 224.6544 | AO116: 221.9883 | AP116: 228.9657 | AQ116: 222.8298 | AR116: 233.0209 | AS116: 224.3733 | AT116: 216.394 | AU116: 220.3964 | AV116: 225.3857 | AW116: 232.9511 | AX116: 223.4409 | AY116: 209.5585 | AZ116: 212.4569 | BA116: 232.6953 | BB116: 226.657 | BC116: 226.7701 | BD116: 242.3855 | BE116: 246.8775 | BF116: 225.8151 | BG116: 214.5993 | BH116: 220.7635 | BI116: 224.6104 | BJ116: 238.433 | BK116: 230.5599 | BL116: 229.7683 | BM116: 227.5402 | BN116: 222.9065 | BO116: 226.8542 | BP116: 229.8999 | BQ116: 207.0882 | BR116: 227.3849 | BS116: 214.6922 | BT116: 206.8441 | BU116: 238.8348 | BV116: 216.1435 | BW116: 232.8498 | BX116: 230.323 | BY116: 215.0932 | BZ116: 222.3905 | CA116: 227.859 | CB116: 214.0688 | CC116: 219.5769 | CD116: 228.4293 | CE116: 216.2838 | CF116: 218.1446 | CG116: 233.9233 | CH116: 223.3882 | CI116: 223.7167 | CJ116: 236.6306 | CK116: 227.9787 | CL116: 229.0688 | CM116: 217.6703 | CN116: 219.3631 | CO116: 229.3301 | CP116: 210.6027 | CQ116: 218.4535 | CR116: 219.7797 | CS116: 235.1355 | CT116: 219.2038 | CU116: 230.7541 | CV116: 229.3447 | CW116: 212.1243 | CX116: 224.6629 | CY116: 222.7009 | CZ116: 215.4701 | DA116: 234.7548 | DB116: 226.0963 | DC116: 234.0798 | DD116: 229.3553 | DE116: 226.956 | DF116: 222.182 | DG116: 229.5272 | DH116: 222.261 | DI116: 216.9107 | DJ116: 214.1258 | DK116: 236.2066 | DL116: 241.6826 | DM116: 221.2834 | DN116: 218.8563 | DO116: 231.5452 | DP116: 234.7325 | DQ116: 221.0244 | DR116: 219.2056 | DS116: 229.3937 | DT116: 226.7196 | DU116: 233.4562 | DV116: 230.2642 | DW116: 217.7368 | DX116: 221.8891 | DY116: 217.052 | DZ116: 223.9976 | EA116: 238.0071 | EB116: 199.346 | EC116: 224.2303 | ED116: 231.645 | EE116: 236.4942 | EF116: 214.9552 | EG116: 225.8943 | EH116: 234.1811 | EI116: 220.914 | EJ116: 208.3563 | EK116: 218.0189 | EL116: 234.9884 | EM116: 213.8445 | EN116: 226.4916 | EO116: 220.1037 | EP116: 219.1403 | EQ116: 222.7317 | ER116: 220.2093 | ES116: 221.9654 | ET116: 226.8025 | EU116: 225.1713 | EV116: 229.9823 | EW116: 219.8237 | EX116: 222.1125 | EY116: 234.8799 | EZ116: 234.1344 | FA116: 227.2788 | FB116: 220.0731 | FC116: 232.9779 | FD116: 222.963 | FE116: 228.3783 | FF116: 220.6408 | FG116: 219.5952 | FH116: 232.8597 | FI116: 227.73 | FJ116: 222.9832 | FK116: 228.5952 | FL116: 209.3929 | FM116: 204.3911 | FN116: 214.0619 | FO116: 223.3918 | FP116: 234.5414 | FQ116: 219.7756 | FR116: 231.3481 | FS116: 218.3425 | FT116: 205.9001 | FU116: 219.2812 | FV116: 225.4282 | FW116: 212.1741 | FX116: 215.3386 | FY116: 206.3365 | FZ116: 251.2136 | GA116: 219.3138 | GB116: 206.3243 | GC116: 208.5846 | GD116: 235.3428 | GE116: 240.6399 | GF116: 227.8648 | GG116: 226.9942 | GH116: 230.8279 | GI116: 227.169 | GJ116: 215.4643 | GK116: 228.2867 | GL116: 214.5551 | GM116: 219.6518 | GN116: 213.3926 | GO116: 211.5278 | GP116: 218.989 | GQ116: 239.883 | GR116: 220.4955 | GS116: 206.5618 | GT116: 228.0279 | GU116: 226.2512 | GV116: 227.3392 | GW116: 225.9593 | GX116: 221.8953 | GY116: 223.8669 | GZ116: 227.5197 | HA116: 217.2284 | HB116: 217.9828 | HC116: 227.1917 | HD116: 212.9453 | HE116: 221.4393 | HF116: 209.262 | HG116: 222.8815 | HH116: 232.4194 | HI116: 235.6137 | HJ116: 229.5968 | HK116: 241.7895 | HL116: 215.9269 | HM116: 228.1114 | HN116: 219.4937 | HO116: 244.5796 | HP116: 238.3365 | HQ116: 216.918 | HR116: 201.9258 | HS116: 243.3577 | HT116: 242.3621 | HU116: 232.2994 | HV116: 225.1733 | HW116: 226.6309 | HX116: 224.4478 | HY116: 219.1914 | HZ116: 227.5661 | IA116: 208.7063 | IB116: 213.6369 | IC116: 216.9865 | ID116: 207.4918 | IE116: 237.3317 | IF116: 229.0858 | IG116: 234.129 | IH116: 216.6186 | II116: 221.2888 | IJ116: 227.8787 | IK116: 227.4046 | IL116: 208.1355 | IM116: 214.3122 | IN116: 218.8086 | IO116: 221.2329 | IP116: 209.139 | IQ116: 223.4235 | IR116: 214.4603 | IS116: 231.4752 | IT116: 225.8932 | IU116: 209.7313 | IV116: 221.5061 | IW116: 224.8083 | IX116: 224.3292 | IY116: 223.8636 | IZ116: 224.7423 | JA116: 225.0049 | JB116: 221.4345 | JC116: 214.1283 | JD116: 216.1863 | JE116: 216.9145 | JF116: 241.0666 | JG116: 244.8965 | JH116: 219.1403 | JI116: 217.1522 | JJ116: 228.0094 | JK116: 237.3531 | JL116: 228.3258 | JM116: 217.5584 | JN116: 222.0713 | JO116: 222.0738 | JP116: 213.6086 | JQ116: 225.9021 | JR116: 248.0807 | JS116: 234.3282 | JT116: 234.4484 | JU116: 208.7248 | JV116: 217.0081 | JW116: 215.6617 | JX116: 219.108 | JY116: 225.6986 | JZ116: 231.6539 | KA116: 215.6133 | KB116: 229.3066 | KC116: 223.4054 | KD116: 231.6899 | KE116: 230.1001 | KF116: 235.0292 | KG116: 215.4632 | KH116: 220.3419 | KI116: 216.0337 | KJ116: 220.5436 | KK116: 223.1402 | KL116: 228.1627 | KM116: 228.9964 | KN116: 222.4015 | KO116: 235.879 | KP116: 224.2501 | KQ116: 228.1305 | KR116: 225.3252 | KS116: 216.775 | KT116: 213.1613 | KU116: 215.6111 | KV116: 236.9669 | KW116: 210.2589 | KX116: 226.1722 | KY116: 219.491 | KZ116: 238.7535 | LA116: 221.6766 | LB116: 226.6747 | LC116: 220.6103 | LD116: 219.4635 | LE116: 213.3563 | LF116: 204.6551 | LG116: 225.4983 | LH116: 210.6422 | LI116: 221.6264 | LJ116: 211.1458 | LK116: 217.2359 | LL116: 232.5019 | LM116: 219.2337 | LN116: 232.5347 | LO116: 213.906 | LP116: 220.6336 | LQ116: 219.1929 | LR116: 232.818 | LS116: 215.313 | LT116: 216.9524 | LU116: 215.8991 | LV116: 213.2808 | LW116: 237.5258 | LX116: 227.14 | LY116: 216.4845 | LZ116: 239.4465 | MA116: 218.5198 | MB116: 217.47 | MC116: 218.8941 | MD116: 228.0931 | ME116: 227.4501 | MF116: 228.0157 | MG116: 214.761 | MH116: 231.12 | MI116: 219.6404 | MJ116: 227.7231 | MK116: 229.1723 | ML116: 225.0268 | MM116: 219.166 | MN116: 228.2163 | MO116: 238.6268 | MP116: 212.3717 | MQ116: 205.187 | MR116: 232.9294 | MS116: 225.7777 | MT116: 223.2873 | MU116: 229.7708 | MV116: 222.5461 | MW116: 228.7167 | MX116: 224.4221 | MY116: 221.3775 | MZ116: 221.3093 | NA116: 236.6052 | NB116: 231.269 | NC116: 215.5849 | ND116: 220.127 | NE116: 216.4688 | NF116: 233.1007 | NG116: 227.3621 | NH116: 208.1633 | NI116: 211.8649 | NJ116: 226.5265 | NK116: 222.0186 | NL116: 229.2044 | NM116: 221.7003 | NN116: 211.1617 | NO116: 240.5551 | NP116: 223.2827 | NQ116: 227.3497 | NR116: 231.5894 | NS116: 236.1195 | NT116: 222.951 | NU116: 218.2488 | NV116: 207.0531 | NW116: 215.7253 | NX116: 234.7253 | NY116: 225.9726 | NZ116: 217.4501 | OA116: 213.6806 | OB116: 238.149 | OC116: 225.8052 | OD116: 223.0993 | OE116: 217.9299 | OF116: 224.2357 | OG116: 232.4254 | OH116: 209.1705 | OI116: 239.5034 | OJ116: 223.3529 | OK116: 227.728 | OL116: 222.0962 | OM116: 231.1676 | ON116: 232.4486 | OO116: 235.3886 | OP116: 237.0881 | OQ116: 226.7336 | OR116: 215.6783 | OS116: 226.6703 | OT116: 233.788 | OU116: 218.143 | OV116: 218.3161 | OW116: 225.7614 | OX116: 234.0153 | OY116: 221.3796 | OZ116: 225.6079 | PA116: 220.3671 | PB116: 230.8272 | PC116: 222.4545 | PD116: 218.3412 | PE116: 217.7445 | PF116: 236.2233 | PG116: 223.8161 | PH116: 221.317 | PI116: 206.6569 | PJ116: 227.2315 | PK116: 226.9247 | PL116: 223.3254 | PM116: 216.663 | PN116: 207.9076 | PO116: 217.6045 | PP116: 216.5243 | PQ116: 219.9908 | PR116: 217.6155 | PS116: 222.7541 | PT116: 220.4256 | PU116: 230.3703 | PV116: 225.4546 | PW116: 211.8856 | PX116: 205.3342 | PY116: 212.8048 | PZ116: 247.2975 | QA116: 223.7683 | QB116: 214.0779 | QC116: 218.064 | QD116: 229.0481 | QE116: 224.9347 | QF116: 238.6551 | QG116: 222.2266 | QH116: 216.6212 | QI116: 236.3586 | QJ116: 224.1676 | QK116: 223.7183 | QL116: 241.0189 | QM116: 241.8557 | QN116: 219.407 | QO116: 249.1527 | QP116: 219.5377 | QQ116: 223.2361 | QR116: 231.1053 | QS116: 215.2361 | QT116: 234.7627 | QU116: 213.2506 | QV116: 228.2068 | QW116: 240.0679 | QX116: 233.68 | QY116: 209.4405 | QZ116: 221.3914 | RA116: 217.7315 | RB116: 230.5429 | RC116: 231.9254 | RD116: 213.2241 | RE116: 224.2728 | RF116: 208.6199 | RG116: 223.6968 | RH116: 228.9583 | RI116: 242.7503 | RJ116: 216.7192 | RK116: 217.7365 | RL116: 219.6975 | RM116: 213.0579 | RN116: 225.7353 | RO116: 218.5132 | RP116: 226.814 | RQ116: 212.1203 | RR116: 214.2 | RS116: 220.5661 | RT116: 207.9275 | RU116: 216.0578 | RV116: 221.2281 | RW116: 235.1675 | RX116: 217.4034 | RY116: 202.5702 | RZ116: 222.9574 | SA116: 230.608 | SB116: 227.9602 | SC116: 237.5645 | SD116: 217.6469 | SE116: 211.2615 | SF116: 225.3031 | SG116: 222.9195 | SH116: 232.0098 | SI116: 223.6557 | SJ116: 214.1077 | SK116: 217.3584 | SL116: 222.0998 | SM116: 221.6273 | SN116: 233.9081 | SO116: 230.8194 | SP116: 224.2447 | SQ116: 223.5473 | SR116: 213.1802 | SS116: 226.1954 | ST116: 227.6991 | SU116: 226.5913 | SV116: 228.2674 | SW116: 227.7706 | SX116: 212.505 | SY116: 219.1405 | SZ116: 215.7049 | TA116: 218.1429 | TB116: 226.9504 | TC116: 227.2006 | TD116: 246.9971 | TE116: 219.7564 | TF116: 229.7303 | TG116: 233.8423 | TH116: 227.5812 | TI116: 225.2499 | TJ116: 214.5391 | TK116: 216.4321 | TL116: 219.6109 | TM116: 224.0857 | TN116: 237.3205 | TO116: 222.4936 | TP116: 246.3008 | TQ116: 219.2319 | TR116: 242.7392 | TS116: 224.6406 | TT116: 226.8206 | TU116: 219.9098 | TV116: 236.1406 | TW116: 223.1579 | TX116: 232.4698 | TY116: 227.5923 | TZ116: 216.3129 | UA116: 224.689 | UB116: 234.4581 | UC116: 224.4655 | UD116: 230.6259 | UE116: 224.6354 | UF116: 225.2234 | UG116: 213.7351 | UH116: 233.2702 | UI116: 211.778 | UJ116: 211.9679 | UK116: 223.7576 | UL116: 234.3672 | UM116: 218.2593 | UN116: 229.5263 | UO116: 221.5042 | UP116: 217.4775 | UQ116: 221.2093 | UR116: 240.6511 | US116: 206.6684 | UT116: 227.4735 | UU116: 207.163 | UV116: 221.0103 | UW116: 211.5461 | UX116: 228.4381 | UY116: 227.505 | UZ116: 216.0047 | VA116: 223.1226 | VB116: 230.6592 | VC116: 221.7212 | VD116: 227.9659 | VE116: 240.3995 | VF116: 235.4935 | VG116: 213.1409 | VH116: 236.1976 | VI116: 221.5097 | VJ116: 231.9031 | VK116: 223.3573 | VL116: 230.1692 | VM116: 223.9391 | VN116: 215.0513 | VO116: 202.822 | VP116: 217.4437 | VQ116: 236.5886 | VR116: 229.8131 | VS116: 224.0516 | VT116: 225.4946 | VU116: 226.87 | VV116: 227.9915 | VW116: 218.3679 | VX116: 221.4875 | VY116: 221.7825 | VZ116: 229.4969 | WA116: 219.7069 | WB116: 232.2588 | WC116: 205.1619 | WD116: 214.4836 | WE116: 219.7067 | WF116: 223.6839 | WG116: 227.3922 | WH116: 221.5264 | WI116: 233.2055 | WJ116: 209.5694 | WK116: 227.0545 | WL116: 223.2424 | WM116: 211.7441 | WN116: 222.4368 | WO116: 215.4831 | WP116: 210.9697 | WQ116: 214.5427 | WR116: 216.5291 | WS116: 210.2952 | WT116: 210.8991 | WU116: 202.6858 | WV116: 220.4861 | WW116: 228.0107 | WX116: 209.8984 | WY116: 221.2137 | WZ116: 205.2974 | XA116: 234.7355 | XB116: 258.9686 | XC116: 253.8901 | XD116: 258.9122 | XE116: 249.2167 | XF116: 237.2819 | XG116: 203.602 | XH116: 210.1446 | XI116: 208.2655 | XJ116: 231.5843 | XK116: 210.1213 | XL116: 229.0146 | XM116: 208.5231 | XN116: 222.0691 | XO116: 216.7841 | XP116: 207.9388 | XQ116: 232.2153 | XR116: 232.5762 | XS116: 244.2462 | XT116: 237.3552 | XU116: 220.4341 | XV116: 202.9648 | XW116: 218.955 | XX116: 216.6233 | XY116: 212.0344 | XZ116: 233.6505 | YA116: 213.1828 | YB116: 233.5201 | YC116: 232.9567 | YD116: 223.309 | YE116: 210.7769 | YF116: 233.6377 | YG116: 253.2223 | YH116: 221.9155 | YI116: 235.1511 | YJ116: 249.6288 | YK116: 209.7665 | YL116: 228.5573 | YM116: 224.0949 | YN116: 219.9893 | YO116: 235.1009 | YP116: 213.1852 | YQ116: 225.4377 | YR116: 222.7842 | YS116: 222.3592 | YT116: 218.5474 | YU116: 229.0841 | YV116: 222.4761 | YW116: 219.7301 | YX116: 226.1563 | YY116: 213.0581 | YZ116: 229.3946 | ZA116: 217.0801 | ZB116: 238.0638 | ZC116: 207.1311 | ZD116: 210.233 | ZE116: 211.1053 | ZF116: 221.6926 | ZG116: 222.5499 | ZH116: 222.2816 | ZI116: 200.9938 | ZJ116: 221.9785 | ZK116: 218.9093 | ZL116: 227.7427 | ZM116: 226.1473 | ZN116: 228.712 | ZO116: 208.3028 | ZP116: 216.7281 | ZQ116: 227.2654 | ZR116: 214.2555 | ZS116: 225.2389 | ZT116: 238.5493 | ZU116: 233.3039 | ZV116: 221.6133 | ZW116: 224.6798 | ZX116: 227.7545 | ZY116: 217.5317 | ZZ116: 227.331 | AAA116: 228.3596 | AAB116: 241.7677 | AAC116: 247.5285 | AAD116: 212.8805 | AAE116: 216.0873 | AAF116: 221.7752 | AAG116: 227.7351 | AAH116: 226.051 | AAI116: 225.2901 | AAJ116: 235.1755 | AAK116: 220.752 | AAL116: 222.2379 | AAM116: 220.363 | AAN116: 214.3765 | AAO116: 217.8572 | AAP116: 235.8765 | AAQ116: 230.035 | AAR116: 209.5175 | AAS116: 219.7846 | AAT116: 222.3588 | AAU116: 229.2076 | AAV116: 204.6474 | AAW116: 216.7143 | AAX116: 210.3228 | AAY116: 229.6984 | AAZ116: 222.9448 | ABA116: 231.141 | ABB116: 209.7544 | ABC116: 205.8987 | ABD116: 221.0294 | ABE116: 228.9428 | ABF116: 246.9725 | ABG116: 218.0747 | ABH116: 216.3775 | ABI116: 232.2316 | ABJ116: 221.3779 | ABK116: 223.3241 | ABL116: 221.6924 | ABM116: 230.9952 | ABN116: 222.8196 | ABO116: 210.9156 | ABP116: 234.0013 | ABQ116: 207.3029 | ABR116: 226.3584 | ABS116: 219.3835 | ABT116: 215.3281 | ABU116: 232.2116 | ABV116: 227.874 | ABW116: 217.281 | ABX116: 234.1135 | ABY116: 226.5831 | ABZ116: 215.8619 | ACA116: 217.9337 | ACB116: 214.6777 | ACC116: 224.2992 | ACD116: 227.5094 | ACE116: 228.0638 | ACF116: 236.766 | ACG116: 223.4055 | ACH116: 235.7257 | ACI116: 217.8078 | ACJ116: 230.7755 | ACK116: 204.3346 | ACL116: 244.5868 | ACM116: 248.4526 | ACN116: 228.8144 | ACO116: 218.5269 | ACP116: 237.7138 | ACQ116: 234.5576 | ACR116: 238.1611 | ACS116: 237.3646 | ACT116: 225.5563 | ACU116: 234.4239 | ACV116: 217.9146 | ACW116: 225.0759 | ACX116: 213.5916 | ACY116: 224.1761 | ACZ116: 230.9616 | ADA116: 225.322 | ADB116: 223.335 | ADC116: 223.0726 | ADD116: 222.4511 | ADE116: 208.9826 | ADF116: 229.8173 | ADG116: 224.2545 | ADH116: 216.9734 | ADI116: 242.7603 | ADJ116: 218.1204 | ADK116: 218.7634 | ADL116: 207.1496 | ADM116: 230.3623 | ADN116: 219.5025 | ADO116: 230.8407 | ADP116: 234.1104 | ADQ116: 228.7338 | ADR116: 217.6854 | ADS116: 228.1782 | ADT116: 226.6603 | ADU116: 224.8265 | ADV116: 212.2319 | ADW116: 211.5338 | ADX116: 228.1205 | ADY116: 224.8832 | ADZ116: 214.9768 | AEA116: 237.9111 | AEB116: 223.0486 | AEC116: 221.1034 | AED116: 237.2315 | AEE116: 212.3904 | AEF116: 226.8552 | AEG116: 217.0032 | AEH116: 231.628 | AEI116: 218.7601 | AEJ116: 225.0391 | AEK116: 215.9178 | AEL116: 216.792 | AEM116: 213.2944 | AEN116: 223.6058 | AEO116: 215.9716 | AEP116: 245.4776 | AEQ116: 222.5912 | AER116: 221.2477 | AES116: 224.9104 | AET116: 237.4861 | AEU116: 221.8173 | AEV116: 240.0374 | AEW116: 209.2706 | AEX116: 220.2652 | AEY116: 237.6684 | AEZ116: 226.9654 | AFA116: 215.9789 | AFB116: 207.1231 | AFC116: 217.0369 | AFD116: 223.2675 | AFE116: 220.9139 | AFF116: 206.7128 | AFG116: 227.3563 | AFH116: 229.0375 | AFI116: 228.6512 | AFJ116: 218.0471 | AFK116: 226.5184 | AFL116: 226.9003 | AFM116: 225.7505 | AFN116: 217.4123 | AFO116: 219.1526 | AFP116: 212.681 | AFQ116: 213.6573 | AFR116: 214.7957 | AFS116: 219.5525 | AFT116: 220.7003 | AFU116: 225.2167 | AFV116: 230.8147 | AFW116: 219.8066 | AFX116: 225.9493 | AFY116: 213.087 | AFZ116: 228.6399 | AGA116: 234.3595 | AGB116: 224.8862 | AGC116: 221.0912 | AGD116: 232.8316 | AGE116: 205.8897 | AGF116: 235.1832 | AGG116: 240.2079 | AGH116: 242.1436 | AGI116: 230.254 | AGJ116: 219.0758 | AGK116: 231.133 | AGL116: 220.4739 | AGM116: 209.6208 | AGN116: 234.2638 | AGO116: 222.1488 | AGP116: 252.6026 | AGQ116: 238.6744 | AGR116: 227.5637 | AGS116: 211.5431 | AGT116: 217.6999 | AGU116: 214.4247 | AGV116: 234.1378 | AGW116: 221.7795 | AGX116: 228.0617 | AGY116: 207.0703 | AGZ116: 225.5733 | AHA116: 226.8119 | AHB116: 222.0395 | AHC116: 218.9238 | AHD116: 214.492 | AHE116: 207.9178 | AHF116: 231.6139 | AHG116: 214.6616 | AHH116: 232.7717 | AHI116: 210.9227 | AHJ116: 207.3163 | AHK116: 214.2208 | AHL116: 229.6327 | AHM116: 218.9496 | AHN116: 222.1508 | AHO116: 224.0404 | AHP116: 217.4016 | AHQ116: 221.41 | AHR116: 219.6935 | AHS116: 213.224 | AHT116: 229.1514 | AHU116: 224.8303 | AHV116: 222.3893 | AHW116: 229.9102 | AHX116: 229.2437 | AHY116: 212.2323 | AHZ116: 215.8045 | AIA116: 219.5583 | AIB116: 222.2329 | AIC116: 221.9784 | AID116: 215.4723 | AIE116: 223.3069 | AIF116: 224.4528 | AIG116: 226.4295 | AIH116: 223.4369 | AII116: 203.9476 | AIJ116: 229.8683 | AIK116: 228.2655 | AIL116: 232.5215 | AIM116: 227.2777 | AIN116: 222.0415 | AIO116: 208.2483 | AIP116: 214.1138 | AIQ116: 220.1963 | AIR116: 211.0015 | AIS116: 225.6008 | AIT116: 226.1573 | AIU116: 207.6097 | AIV116: 226.2534 | AIW116: 208.2591 | AIX116: 229.3973 | AIY116: 216.8915 | AIZ116: 224.8704 | AJA116: 212.7879 | AJB116: 223.0413 | AJC116: 202.6655 | AJD116: 212.304 | AJE116: 229.6286 | AJF116: 221.4854 | AJG116: 226.6016 | AJH116: 215.677 | AJI116: 229.7098 | AJJ116: 213.937 | AJK116: 220.9881 | AJL116: 234.3973 | AJM116: 222.975 | AJN116: 226.7436 | AJO116: 237.814 | AJP116: 217.1122 | AJQ116: 220.0382 | AJR116: 207.4282 | AJS116: 229.7922 | AJT116: 222.05 | AJU116: 222.7137 | AJV116: 226.1382 | AJW116: 217.021 | AJX116: 215.0372 | AJY116: 236.3848 | AJZ116: 218.8701 | AKA116: 229.5036 | AKB116: 203.1868 | AKC116: 222.6418 | AKD116: 216.6872 | AKE116: 219.9677 | AKF116: 218.6847 | AKG116: 213.619 | AKH116: 219.6592 | AKI116: 214.5278 | AKJ116: 237.0729 | AKK116: 213.8923 | AKL116: 227.28 | AKM116: 219.0229 | AKN116: 215.8805 | AKO116: 219.5618 | AKP116: 207.9046 | AKQ116: 224.6835 | AKR116: 229.5707 | AKS116: 210.3058 | AKT116: 219.1422 | AKU116: 220.244 | AKV116: 207.6454 | AKW116: 208.298 | AKX116: 220.2548 | AKY116: 210.6394 | AKZ116: 206.9231 | ALA116: 237.5048 | ALB116: 230.7518 | ALC116: 230.49 | ALD116: 223.5521 | ALE116: 223.0274 | ALF116: 210.1121 | ALG116: 222.7635 | ALH116: 211.732 | ALI116: 217.6655 | ALJ116: 220.3146 | ALK116: 228.0863 | ALL116: 239.2773 | ALM116: 221.2166 | ALN116: 212.037 | ALO116: 196.3445 | ALP116: 201.9951 | ALQ116: 219.5393 | ALR116: 218.6807 | ALS116: 219.0376 | ALT116: 224.3716 | ALU116: 219.3107 | ALV116: 225.6151 | ALW116: 237.1999 | ALX116: 216.7879 | ALY116: 224.5343 | ALZ116: 224.2813 | AMA116: 215.4361 | AMB116: 220.2383 | AMC116: 208.1771 | AMD116: 213.0211 | AME116: 206.5515 | AMF116: 216.0541 | AMG116: 220.2738 | AMH116: 218.9887 | AMI116: 221.9872 | AMJ116: 230.7909 | AMK116: 218.1071 | AML116: 223.8221 | AMM116: 229.6627 | AMN116: 212.3628 | AMO116: 226.8818 | AMP116: 201.112 | AMQ116: 218.1736 | AMR116: 222.2321 | AMS116: 214.9437 | AMT116: 207.6276 | AMU116: 221.4153 | AMV116: 210.3199 | AMW116: 229.9825 | AMX116: 228.1209 | AMY116: 236.3369 | AMZ116: 220.8428 | ANA116: 222.8453 | ANB116: 211.94 | ANC116: 213.8999 | AND116: 217.048 | ANE116: 230.5781 | ANF116: 231.4137 | ANG116: 234.8147 | ANH116: 230.4354 | ANI116: 220.6991 | ANJ116: 217.5191 | ANK116: 222.9956 | ANL116: 209.7735 | ANM116: 221.6487 | ANN116: 234.8282 | ANO116: 204.925 | ANP116: 221.2488 | ANQ116: 221.6829 | ANR116: 217.3599 | ANS116: 214.2352 | ANT116: 231.3493 | ANU116: 212.6213 | ANV116: 212.7168 | ANW116: 234.3807 | ANX116: 218.4551 | ANY116: 225.7027 | ANZ116: 239.674 | AOA116: 205.0364 | AOB116: 223.183 | AOC116: 217.6467 | AOD116: 217.5807 | AOE116: 222.7893 | AOF116: 219.8846 | AOG116: 225.0371 | AOH116: 221.8965 | AOI116: 234.3319 | AOJ116: 231.7449 | AOK116: 209.1892 | AOL116: 218.3259 | AOM116: 226.4743 | AON116: 239.6539 | AOO116: 218.9031 | AOP116: 217.6227 | AOQ116: 221.1634 | AOR116: 204.937 | AOS116: 216.039 | AOT116: 225.2778 | AOU116: 220.5614 | AOV116: 229.8929 | AOW116: 231.1889 | AOX116: 226.1074 | AOY116: 217.6716 | AOZ116: 216.8724 | APA116: 220.2196 | APB116: 227.6977 | APC116: 233.1538 | APD116: 219.5117 | APE116: 223.9743 | APF116: 216.0846 | APG116: 246.7681 | APH116: 229.1567 | API116: 214.7574 | APJ116: 228.1147 | APK116: 221.4735 | APL116: 229.8346 | APM116: 221.3398 | APN116: 223.4636 | APO116: 220.1346 | APP116: 250.4236 | APQ116: 209.4202 | APR116: 223.6848 | APS116: 225.2672 | APT116: 207.7123 | APU116: 226.2708 | APV116: 219.5506 | APW116: 221.8776 | APX116: 221.3144 | APY116: 225.2053 | APZ116: 222.9846 | AQA116: 236.8176 | AQB116: 229.2569 | AQC116: 220.6363 | AQD116: 215.0489 | AQE116: 210.4775 | AQF116: 227.6952 | AQG116: 217.108 | AQH116: 213.3015 | AQI116: 227.996 | AQJ116: 217.1783 | AQK116: 222.8181 | AQL116: 209.8363 | AQM116: 213.1777 | AQN116: 213.1016 | AQO116: 222.3306 | AQP116: 221.1959 | AQQ116: 209.6018 | AQR116: 203.9128 | AQS116: 209.2113 | AQT116: 223.8125 | AQU116: 210.7872 | AQV116: 233.5821 | AQW116: 213.9073 | AQX116: 206.5823 | AQY116: 212.6993 | AQZ116: 219.1759 | ARA116: 227.2087 | ARB116: 226.3276 | ARC116: 236.7073 | ARD116: 217.7266 | ARE116: 233.2658 | ARF116: 227.6032 | ARG116: 212.2242 | ARH116: 220.184 | ARI116: 225.1898 | ARJ116: 231.4591 | ARK116: 219.8083 | ARL116: 226.3232 | ARM116: 210.5964 | ARN116: 218.4155 | ARO116: 230.6042 | ARP116: 223.5395 | ARQ116: 216.4158 | ARR116: 216.233 | ARS116: 220.2099 | ART116: 249.9121 | ARU116: 220.1795 | ARV116: 228.2339 | ARW116: 235.8611 | ARX116: 223.2628 | ARY116: 224.5346 | ARZ116: 219.2524 | ASA116: 223.8344 | ASB116: 232.0315 | ASC116: 223.0006 | ASD116: 216.9984 | ASE116: 230.3089 | ASF116: 232.604 | ASG116: 226.827 | ASH116: 208.0672 | ASI116: 221.042 | ASJ116: 220.0414 | ASK116: 227.0813 | ASL116: 236.3821 | ASM116: 235.9558 | ASN116: 223.7595 | ASO116: 212.2728 | ASP116: 219.0045 | ASQ116: 222.6177 | ASR116: 216.8068 | ASS116: 215.4358 | AST116: 224.4475 | ASU116: 223.0125 | ASV116: 249.7909 | ASW116: 214.2505 | ASX116: 224.3569 | ASY116: 235.4001 | ASZ116: 217.2896 | ATA116: 237.6932 | ATB116: 216.7502 | ATC116: 221.9018 | ATD116: 234.6639 | ATE116: 240.6905 | ATF116: 220.3115 | ATG116: 222.9698 | ATH116: 230.0326 | ATI116: 228.7168 | ATJ116: 216.0144 | ATK116: 235.5673 | ATL116: 230.9277 | ATM116: 227.3558 | ATN116: 232.4256 | ATO116: 222.1203 | ATP116: 220.5444 | ATQ116: 213.8426 | ATR116: 228.1468 | ATS116: 233.5424 | ATT116: 235.9549 | ATU116: 225.0577 | ATV116: 228.8463 | ATW116: 222.3507 | ATX116: 217.2611 | ATY116: 226.4275 | ATZ116: 218.5083 | AUA116: 220.9259 | AUB116: 214.3457 | AUC116: 227.599 | AUD116: 226.4389 | AUE116: 223.9931 | AUF116: 222.7225 | AUG116: 227.3866 | AUH116: 216.12 | AUI116: 232.9294 | AUJ116: 228.6296 | AUK116: 232.1732 | AUL116: 213.5085 | AUM116: 227.7142 | AUN116: 216.0228 | AUO116: 221.9742 | AUP116: 211.3682 | AUQ116: 222.223 | AUR116: 208.8659 | AUS116: 223.891 | AUT116: 232.8792 | AUU116: 234.1264 | AUV116: 231.9884 | AUW116: 227.1599 | AUX116: 212.8036 | AUY116: 232.2855 | AUZ116: 227.0591 | AVA116: 241.9385 | AVB116: 216.3665 | AVC116: 211.6503 | AVD116: 219.0567 | AVE116: 221.5322 | AVF116: 236.0568 | AVG116: 215.693 | AVH116: 229.0285 | AVI116: 217.8838 | AVJ116: 237.2935 | AVK116: 208.5515 | AVL116: 234.0906 | AVM116: 235.26 | AVN116: 224.7448 | AVO116: 214.3882 | AVP116: 232.8345 | AVQ116: 220.1184 | AVR116: 223.1791 | AVS116: 224.3509 | AVT116: 217.0138 | AVU116: 213.2085 | AVV116: 207.3987 | AVW116: 222.0081 | AVX116: 233.7873 | AVY116: 218.0835 | AVZ116: 229.7286 | AWA116: 220.6237 | AWB116: 223.2735 | AWC116: 231.3739 | AWD116: 239.9589 | AWE116: 210.5394 | AWF116: 218.8277 | AWG116: 233.8003 | AWH116: 217.7827 | AWI116: 233.9908 | AWJ116: 224.7849 | AWK116: 228.9919 | AWL116: 235.7901 | AWM116: 216.3297 | AWN116: 217.9736 | AWO116: 219.5003 | AWP116: 215.4643 | AWQ116: 211.0138 | AWR116: 239.5385 | AWS116: 232.1323 | AWT116: 220.5999 | AWU116: 229.6237 | AWV116: 227.8203 | AWW116: 226.9443 | AWX116: 255.8049 | AWY116: 244.6975 | AWZ116: 233.653 | AXA116: 218.9204 | AXB116: 208.3071 | AXC116: 219.4576 | AXD116: 220.0274 | AXE116: 222.0151 | AXF116: 224.2306 | AXG116: 227.0938 | AXH116: 234.2143 | AXI116: 241.4784 | AXJ116: 217.0615 | AXK116: 226.3874 | AXL116: 222.8382 | AXM116: 207.8544 | AXN116: 223.0302 | AXO116: 226.9527 | AXP116: 230.1668 | AXQ116: 226.7586 | AXR116: 226.9492 | AXS116: 215.0066 | AXT116: 213.4378 | AXU116: 221.9551 | AXV116: 218.1851 | AXW116: 215.8745 | AXX116: 235.2269 | AXY116: 266.4151 | AXZ116: 211.7545 | AYA116: 222.1037 | AYB116: 229.1257 | AYC116: 244.9429 | AYD116: 228.0695 | AYE116: 211.9091 | AYF116: 219.2172 | AYG116: 215.6313 | AYH116: 237.1403 | AYI116: 222.6227 | AYJ116: 218.1547 | AYK116: 215.9139 | AYL116: 216.3009 | AYM116: 218.2802 | AYN116: 218.0573 | AYO116: 217.3475 | AYP116: 226.5168 | AYQ116: 246.2963 | AYR116: 214.3 | AYS116: 223.8325 | AYT116: 218.1448 | AYU116: 240.0713 | AYV116: 226.2032 | AYW116: 207.6658 | AYX116: 210.9855 | AYY116: 220.5302 | AYZ116: 238.9237 | AZA116: 214.9638 | AZB116: 226.0384 | AZC116: 205.4765 | AZD116: 223.05 | AZE116: 229.3759 | AZF116: 214.2681 | AZG116: 251.5793 | AZH116: 222.8731 | AZI116: 228.3875 | AZJ116: 240.499 | AZK116: 214.6565 | AZL116: 215.9862 | AZM116: 225.592 | AZN116: 230.8953 | AZO116: 225.3153 | AZP116: 212.0512 | AZQ116: 218.2209 | AZR116: 224.6117 | AZS116: 221.4248 | AZT116: 223.0208 | AZU116: 236.3974 | AZV116: 217.0064 | AZW116: 209.0476 | AZX116: 208.9846 | AZY116: 213.8049 | AZZ116: 216.364 | BAA116: 230.6304 | BAB116: 224.6317 | BAC116: 249.0356 | BAD116: 219.6681 | BAE116: 217.3768 | BAF116: 214.6989 | BAG116: 219.2663 | BAH116: 232.0132 | BAI116: 229.4175 | BAJ116: 218.898 | BAK116: 222.5467 | BAL116: 232.2425 | BAM116: 223.3673 | BAN116: 215.7459 | BAO116: 225.0175 | BAP116: 233.2348 | BAQ116: 230.4235 | BAR116: 225.9238 | BAS116: 229.6685 | BAT116: 239.2558 | BAU116: 223.821 | BAV116: 230.969 | BAW116: 234.0041 | BAX116: 233.8344 | BAY116: 226.7008 | BAZ116: 235.2353 | BBA116: 239.1899 | BBB116: 217.6775 | BBC116: 215.0614 | BBD116: 211.0736 | BBE116: 212.9851 | BBF116: 210.2241 | BBG116: 212.3605 | BBH116: 229.5164 | BBI116: 243.0846 | BBJ116: 228.9559 | BBK116: 209.6986 | BBL116: 229.1145 | BBM116: 217.1469 | BBN116: 216.63 | BBO116: 210.4759 | BBP116: 213.1111 | BBQ116: 211.2084 | BBR116: 213.6573 | BBS116: 219.1368 | BBT116: 217.4842 | BBU116: 204.1743 | BBV116: 217.0753 | BBW116: 215.7315 | BBX116: 240.3113 | BBY116: 213.7775 | BBZ116: 214.8873 | BCA116: 201.3094 | BCB116: 230.9891 | BCC116: 223.8741 | BCD116: 219.1225 | BCE116: 220.1842 | BCF116: 225.1199 | BCG116: 229.9446 | BCH116: 227.3654 | BCI116: 215.699 | BCJ116: 219.7827 | BCK116: 219.9474 | BCL116: 229.0171 | BCM116: 209.089 | BCN116: 215.7096 | BCO116: 217.0343 | BCP116: 229.2124 | BCQ116: 221.3681 | BCR116: 215.6821 | BCS116: 237.8534 | BCT116: 212.7752 | BCU116: 207.1865 | BCV116: 225.0818 | BCW116: 223.3477 | BCX116: 221.535 | BCY116: 225.0776 | BCZ116: 211.3513 | BDA116: 202.3585 | BDB116: 213.3483 | BDC116: 240.9005 | BDD116: 214.4532 | BDE116: 210.8747 | BDF116: 216.6734 | BDG116: 222.4214 | BDH116: 232.9986 | BDI116: 235.9542 | BDJ116: 212.2628 | BDK116: 222.3535 | BDL116: 226.7278 | BDM116: 211.0691 | BDN116: 237.5718 | BDO116: 232.6395 | BDP116: 228.7393 | BDQ116: 207.6276 | BDR116: 227.9078 | BDS116: 216.3949 | BDT116: 222.0939 | BDU116: 217.203 | BDV116: 224.967 | BDW116: 212.7932 | BDX116: 221.6926 | BDY116: 202.7218 | BDZ116: 230.6875 | BEA116: 222.6325 | BEB116: 230.1142 | BEC116: 226.6496 | BED116: 214.7076 | BEE116: 213.2084 | BEF116: 220.912 | BEG116: 233.8027 | BEH116: 212.3522 | BEI116: 209.0473 | BEJ116: 224.5942 | BEK116: 230.6971 | BEL116: 233.6265 | BEM116: 220.541 | BEN116: 231.178 | BEO116: 211.4106 | BEP116: 227.9019 | BEQ116: 234.169 | BER116: 219.4817 | BES116: 230.2314 | BET116: 212.3355 | BEU116: 226.6392 | BEV116: 213.926 | BEW116: 217.7773 | BEX116: 212.9049 | BEY116: 235.0427 | BEZ116: 208.8515 | BFA116: 227.6694 | BFB116: 226.2491 | BFC116: 217.8279 | BFD116: 224.4492 | BFE116: 219.2542 | BFF116: 235.8885 | BFG116: 223.6381 | BFH116: 219.9572 | BFI116: 220.9979 | BFJ116: 223.8115 | BFK116: 217.5141 | BFL116: 221.7385 | BFM116: 217.432 | BFN116: 238.8677 | BFO116: 242.233 | BFP116: 231.2589 | BFQ116: 225.9555 | BFR116: 211.2967 | BFS116: 243.6349 | BFT116: 217.3439 | BFU116: 225.961 | BFV116: 215.886 | BFW116: 235.6645 | BFX116: 220.9351 | BFY116: 218.5715 | BFZ116: 222.7528 | BGA116: 228.7601 | BGB116: 231.9615 | BGC116: 216.8222 | BGD116: 220.2407 | BGE116: 216.51 | BGF116: 222.5794 | BGG116: 210.2132 | BGH116: 217.3349 | BGI116: 211.1889 | BGJ116: 216.4027 | BGK116: 204.4748 | BGL116: 221.7065 | BGM116: 207.1573 | BGN116: 233.0464 | BGO116: 244.5087 | BGP116: 218.2285 | BGQ116: 222.5759 | BGR116: 231.6485 | BGS116: 221.9446 | BGT116: 233.147 | BGU116: 209.4924 | BGV116: 218.843 | BGW116: 228.987 | BGX116: 244.951 | BGY116: 216.9046 | BGZ116: 237.7575 | BHA116: 223.2892 | BHB116: 225.9974 | BHC116: 223.4114 | BHD116: 249.0731 | BHE116: 217.6851 | BHF116: 224.8888 | BHG116: 224.7228 | BHH116: 229.9515 | BHI116: 212.5997 | BHJ116: 226.7226 | BHK116: 214.0647 | BHL116: 223.0364 | BHM116: 219.5825 | BHN116: 208.3053 | BHO116: 231.352 | BHP116: 226.5052 | BHQ116: 207.2231 | BHR116: 229.8502 | BHS116: 220.7167 | BHT116: 211.042 | BHU116: 229.4449 | BHV116: 206.9082 | BHW116: 223.4239 | BHX116: 228.5398 | BHY116: 240.0691 | BHZ116: 215.1204 | BIA116: 237.8925 | BIB116: 224.8249 | BIC116: 233.8912 | BID116: 225.5758 | BIE116: 224.1318 | BIF116: 218.1558 | BIG116: 237.8457 | BIH116: 236.5664 | BII116: 219.9721 | BIJ116: 228.9282 | BIK116: 231.1867 | BIL116: 207.7164 | BIM116: 230.3949 | BIN116: 211.9964 | BIO116: 221.4555 | BIP116: 223.7928 | BIQ116: 242.6084 | BIR116: 216.346 | BIS116: 215.3211 | BIT116: 219.4508 | BIU116: 233.0405 | BIV116: 234.8185 | BIW116: 211.3047 | BIX116: 205.1095 | BIY116: 219.9262 | BIZ116: 237.6562 | BJA116: 228.7732 | BJB116: 212.3644 | BJC116: 221.9742 | BJD116: 223.1589 | BJE116: 218.6463 | BJF116: 223.7445 | BJG116: 236.0604 | BJH116: 221.0585 | BJI116: 232.7608 | BJJ116: 238.3875 | BJK116: 211.0545 | BJL116: 223.8253 | BJM116: 220.086 | BJN116: 233.2315 | BJO116: 227.7688 | BJP116: 233.7334 | BJQ116: 207.8489 | BJR116: 222.4049 | BJS116: 221.5775 | BJT116: 209.8598 | BJU116: 224.7035 | BJV116: 224.7552 | BJW116: 233.7025 | BJX116: 246.1611 | BJY116: 225.4291 | BJZ116: 233.3083 | BKA116: 230.7411 | BKB116: 219.1542 | BKC116: 228.7108 | BKD116: 227.2397 | BKE116: 222.0688 | BKF116: 225.7168 | BKG116: 224.1324 | BKH116: 206.5335 | BKI116: 209.0149 | BKJ116: 242.9304 | BKK116: 222.4457 | BKL116: 233.1339 | BKM116: 219.5178 | BKN116: 221.2783 | BKO116: 203.4027 | BKP116: 222.4556 | BKQ116: 235.6961 | BKR116: 221.6213 | BKS116: 229.7425 | BKT116: 218.9012 | BKU116: 219.1535 | BKV116: 215.6554 | BKW116: 226.6291 | BKX116: 234.6858 | BKY116: 219.5112 | BKZ116: 214.6502 | BLA116: 241.5819 | BLB116: 231.6149 | BLC116: 217.4985 | BLD116: 221.0538 | BLE116: 220.2858 | BLF116: 207.1613 | BLG116: 217.9431 | BLH116: 223.5222 | BLI116: 226.8193 | BLJ116: 215.911 | BLK116: 222.9992 | BLL116: 227.8976 | BLM116: 222.3189 | BLN116: 224.9269 | BLO116: 245.2184 | BLP116: 215.1069 | BLQ116: 234.3232 | BLR116: 223.4366 | BLS116: 226.607 | BLT116: 217.6145 | BLU116: 220.3237 | BLV116: 210.3645 | BLW116: 223.7671 | BLX116: 220.8818 | BLY116: 226.0887 | BLZ116: 232.4142 | BMA116: 232.8314 | BMB116: 228.5115 | BMC116: 210.329 | BMD116: 213.3321 | BME116: 236.4349 | BMF116: 214.7644 | BMG116: 215.0291 | BMH116: 226.0146 | BMI116: 209.5261 | BMJ116: 220.5137 | BMK116: 226.5088 | BML116: 225.4715 | BMM116: 228.6565 | BMN116: 237.3408 | BMO116: 218.5388 | BMP116: 238.0987 | BMQ116: 226.2249 | BMR116: 222.5736 | BMS116: 226.6523 | BMT116: 238.0296 | BMU116: 235.8173 | BMV116: 210.9602 | BMW116: 221.3272 | BMX116: 228.2843 | BMY116: 238.2329 | BMZ116: 219.8688 | BNA116: 210.5028 | BNB116: 221.9715 | BNC116: 233.4274 | BND116: 237.8056 | BNE116: 225.8917 | BNF116: 220.4448 | BNG116: 228.2337 | BNH116: 219.2 | BNI116: 206.2615 | BNJ116: 215.9778 | BNK116: 209.8563 | BNL116: 227.3517 | BNM116: 241.9602 | BNN116: 218.2809 | BNO116: 218.2838 | BNP116: 218.6025 | BNQ116: 243.5654 | BNR116: 225.2251 | BNS116: 234.0383 | BNT116: 236.371 | BNU116: 236.285 | BNV116: 231.5472 | BNW116: 222.5832 | BNX116: 233.3852 | BNY116: 228.8678 | BNZ116: 234.6436 | BOA116: 210.9473 | BOB116: 222.8512 | BOC116: 219.8868 | BOD116: 229.3227 | BOE116: 206.2386 | BOF116: 225.818 | BOG116: 218.4799 | BOH116: 230.8246 | BOI116: 219.406 | BOJ116: 222.2588 | BOK116: 218.4857 | BOL116: 220.6538 | BOM116: 238.6429 | BON116: 226.6856 | BOO116: 237.8144 | BOP116: 215.0569 | BOQ116: 216.2702 | BOR116: 224.2686 | BOS116: 221.9252 | BOT116: 234.1005 | BOU116: 217.9478 | BOV116: 236.3477 | BOW116: 218.9271 | BOX116: 216.1206 | BOY116: 214.0649 | BOZ116: 222.2318 | BPA116: 225.5398 | BPB116: 236.9761 | BPC116: 222.9554 | BPD116: 240.1661 | BPE116: 214.851 | BPF116: 213.7448 | BPG116: 227.9563 | BPH116: 215.8757 | BPI116: 224.5463 | BPJ116: 223.6902 | BPK116: 222.4731 | BPL116: 228.1398 | BPM116: 226.0357 | BPN116: 218.7882 | BPO116: 214.6897 | BPP116: 234.7315 | BPQ116: 220.6943 | BPR116: 227.7546 | BPS116: 218.0653 | BPT116: 228.045 | BPU116: 225.7264 | BPV116: 218.7242 | BPW116: 221.3953 | BPX116: 241.7512 | BPY116: 234.9559 | BPZ116: 210.953 | BQA116: 238.5434 | BQB116: 223.0089 | BQC116: 213.837 | BQD116: 221.9865 | BQE116: 227.5929 | BQF116: 217.9511 | BQG116: 231.768 | BQH116: 223.0255 | BQI116: 209.2921 | BQJ116: 224.3191 | BQK116: 210.0662 | BQL116: 237.0241 | BQM116: 236.9519 | BQN116: 239.6625 | BQO116: 235.2239 | BQP116: 223.2652 | BQQ116: 239.1035 | BQR116: 220.9235 | BQS116: 214.1533 | BQT116: 228.13 | BQU116: 211.7125 | BQV116: 214.2869 | BQW116: 227.0191 | BQX116: 221.497 | BQY116: 216.8574 | BQZ116: 213.2372 | BRA116: 233.2269 | BRB116: 204.5161 | BRC116: 212.4877 | BRD116: 224.7696 | BRE116: 233.9225 | BRF116: 231.9531 | BRG116: 224.0468 | BRH116: 224.6639 | BRI116: 240.2736 | BRJ116: 228.4756 | BRK116: 218.4328 | BRL116: 215.7899 | BRM116: 218.1828 | BRN116: 220.2886 | BRO116: 248.4936 | BRP116: 229.2916 | BRQ116: 218.3322 | BRR116: 222.9955 | BRS116: 220.1522 | BRT116: 226.6901 | BRU116: 209.8587 | BRV116: 219.5496 | BRW116: 215.1586 | BRX116: 221.1329 | BRY116: 214.4106 | BRZ116: 228.2999 | BSA116: 247.2996 | BSB116: 244.5922 | BSC116: 236.7851 | BSD116: 244.4999 | BSE116: 212.288 | BSF116: 230.1037 | BSG116: 228.773 | BSH116: 220.8885 | BSI116: 233.2806 | BSJ116: 231.7409 | BSK116: 235.9536 | BSL116: 223.9092 | BSM116: 226.8063 | BSN116: 223.4269 | BSO116: 237.1584 | BSP116: 220.4494 | BSQ116: 246.3879 | BSR116: 226.68 | BSS116: 225.8317 | BST116: 229.0721 | BSU116: 221.3407 | BSV116: 244.9418 | BSW116: 222.6717 | BSX116: 233.9215 | BSY116: 276.181 | BSZ116: 226.2211 | BTA116: 230.8832 | BTB116: 242.5708 | BTC116: 238.4188 | BTD116: 211.1045 | BTE116: 224.6277 | BTF116: 236.013 | BTG116: 205.5294 | BTH116: 240.6203 | BTI116: 225.5372 | BTJ116: 220.267 | BTK116: 224.8176 | BTL116: 227.2982 | BTM116: 241.5247 | BTN116: 219.0706 | BTO116: 240.1309 | BTP116: 232.6906 | BTQ116: 224.0815 | BTR116: 251.1766 | BTS116: 236.571 | BTT116: 224.0731 | BTU116: 236.0933 | BTV116: 221.0258 | BTW116: 230.3511 | BTX116: 229.0307 | BTY116: 227.5284 | BTZ116: 240.7236 | BUA116: 224.6622 | BUB116: 224.7457 | BUC116: 218.5059 | BUD116: 241.1796 | BUE116: 250.4379 | BUF116: 232.3376 | BUG116: 220.4536 | BUH116: 222.3738 | BUI116: 220.5019 | BUJ116: 232.9198 | BUK116: 239.1256 | BUL116: 243.3151 | BUM116: 247.994 | BUN116: 218.1619 | BUO116: 248.1632 | BUP116: 221.9071 | BUQ116: 222.7239 | BUR116: 220.5317 | BUS116: 218.4123 | BUT116: 219.0733 | BUU116: 223.399 | BUV116: 215.8475 | BUW116: 218.5174 | BUX116: 226.3754 | BUY116: 225.0111 | BUZ116: 228.9237 | BVA116: 227.7683 | BVB116: 219.6085 | BVC116: 220.6198 | BVD116: 223.9245 | BVE116: 215.2987 | BVF116: 233.9949 | BVG116: 204.027 | BVH116: 245.9042 | BVI116: 224.3826 | BVJ116: 227.3642 | BVK116: 212.9812 | BVL116: 221.1446 | BVM116: 240.3563 | BVN116: 223.1235 | BVO116: 224.7777 | BVP116: 225.2887 | BVQ116: 220.7679 | BVR116: 222.5044 | BVS116: 216.4342 | BVT116: 217.292 | BVU116: 217.2647 | BVV116: 243.481 | BVW116: 228.9852 | BVX116: 237.4088 | BVY116: 226.9446 | BVZ116: 219.4781 | BWA116: 213.4076 | BWB116: 224.1404 | BWC116: 219.6287 | BWD116: 219.0398 | BWE116: 221.7648 | BWF116: 222.8042 | BWG116: 225.9248 | BWH116: 238.8198 | BWI116: 225.2877 | BWJ116: 208.3954 | BWK116: 214.2511 | BWL116: 203.0049 | BWM116: 225.7809 | BWN116: 202.8497 | BWO116: 222.8269 | BWP116: 206.5851 | BWQ116: 235.2701 | BWR116: 219.3765 | BWS116: 212.6077 | BWT116: 229.1897 | BWU116: 213.2655 | BWV116: 238.1414 | BWW116: 218.1994 | BWX116: 233.1879 | BWY116: 214.3512 | BWZ116: 213.1336 | BXA116: 259.2328 | BXB116: 242.0033 | BXC116: 266.6262 | BXD116: 280.2737 | BXE116: 264.1243 | BXF116: 253.7584 | BXG116: 246.6996 | BXH116: 243.5333 | BXI116: 253.5733 | BXJ116: 250.7774 | BXK116: 245.5674 | BXL116: 230.0748 | BXM116: 244.3579 | BXN116: 248.3285 | BXO116: 246.3877 | BXP116: 245.211 | BXQ116: 239.3471 | BXR116: 257.2722 | BXS116: 245.3617 | BXT116: 255.4076 | BXU116: 224.4117 | BXV116: 208.6862 | BXW116: 226.6684 | BXX116: 229.1248 | BXY116: 226.6261 | BXZ116: 233.063 | BYA116: 239.8606 | BYB116: 216.9227 | BYC116: 211.2527 | BYD116: 222.9024 | BYE116: 216.2254 | BYF116: 229.9247 | BYG116: 233.4179 | BYH116: 228.3445 | BYI116: 227.7358 | BYJ116: 232.8482 | BYK116: 215.3133 | BYL116: 228.2316 | BYM116: 218.2154 | BYN116: 218.905 | BYO116: 232.0893 | BYP116: 232.184 | BYQ116: 225.4254 | BYR116: 210.9023 | BYS116: 230.2309 | BYT116: 209.1166 | BYU116: 211.9265 | BYV116: 223.4093 | BYW116: 230.7545 | BYX116: 225.1391 | BYY116: 216.755 | BYZ116: 227.5418 | BZA116: 233.2122 | BZB116: 224.4656 | BZC116: 226.9613 | BZD116: 219.8756 | BZE116: 225.3859 | BZF116: 210.8724 | BZG116: 231.4389 | BZH116: 235.6796 | BZI116: 224.6762 | BZJ116: 230.7439 | BZK116: 228.6308 | BZL116: 221.5504 | BZM116: 223.9243 | BZN116: 206.3721 | BZO116: 217.2404 | BZP116: 226.2944 | BZQ116: 224.4038 | BZR116: 234.3894 | BZS116: 230.5237 | BZT116: 214.4129 | BZU116: 215.6828 | BZV116: 207.0004 | BZW116: 219.5559 | BZX116: 213.674 | BZY116: 221.8058 | BZZ116: 221.6061 | CAA116: 226.8416 | CAB116: 222.5547 | CAC116: 219.4731 | CAD116: 226.8372 | CAE116: 231.1397 | CAF116: 220.4451 | CAG116: 226.7037 | CAH116: 215.4265 | CAI116: 223.1416 | CAJ116: 217.5877 | CAK116: 223.4497 | CAL116: 231.5814 | CAM116: 230.0237 | CAN116: 235.0979 | CAO116: 215.8985 | CAP116: 214.5039 | CAQ116: 234.85 | CAR116: 234.8705 | CAS116: 228.8408 | CAT116: 221.9999 | CAU116: 227.9201 | CAV116: 220.9176 | CAW116: 217.3361 | CAX116: 204.347 | CAY116: 228.7918 | CAZ116: 240.2028 | CBA116: 246.1813 | CBB116: 212.9857 | CBC116: 229.1127 | CBD116: 223.3142 | CBE116: 220.7291 | CBF116: 234.2273 | CBG116: 236.5251 | CBH116: 203.4949 | CBI116: 229.6379 | CBJ116: 234.2266 | CBK116: 222.8382 | CBL116: 225.7061 | CBM116: 220.9126 | CBN116: 238.1164 | CBO116: 239.1092 | CBP116: 222.6386 | CBQ116: 213.0357 | CBR116: 232.954 | CBS116: 219.6996 | CBT116: 231.9869 | CBU116: 221.7173 | CBV116: 202.2367 | CBW116: 220.2892 | CBX116: 218.7993 | CBY116: 214.9285 | CBZ116: 226.6256 | CCA116: 220.3407 | CCB116: 231.713 | CCC116: 242.6157 | CCD116: 215.5353 | CCE116: 213.01 | CCF116: 217.739 | CCG116: 252.9021 | CCH116: 231.6607 | CCI116: 216.9853 | CCJ116: 228.3121 | CCK116: 219.4355 | CCL116: 218.8816 | CCM116: 220.6033 | CCN116: 219.4816 | CCO116: 225.5083 | CCP116: 225.6307 | CCQ116: 223.6823 | CCR116: 235.2116 | CCS116: 236.2375 | CCT116: 215.74 | CCU116: 223.4642 | CCV116: 231.1319 | CCW116: 226.1822 | CCX116: 214.0189 | CCY116: 212.6318 | CCZ116: 223.8887 | CDA116: 219.7532 | CDB116: 228.1271 | CDC116: 230.4404 | CDD116: 236.8667 | CDE116: 212.4917 | CDF116: 215.5784 | CDG116: 243.7746 | CDH116: 209.7915 | CDI116: 211.1016 | CDJ116: 222.2875 | CDK116: 226.6481 | CDL116: 225.5438 | CDM116: 224.117 | CDN116: 218.3076 | CDO116: 226.5166 | CDP116: 213.9608 | CDQ116: 245.4989 | CDR116: 216.2347 | CDS116: 220.0726 | CDT116: 229.2251 | CDU116: 220.248 | CDV116: 220.1856 | CDW116: 225.9639 | CDX116: 229.2898 | CDY116: 212.4505 | CDZ116: 218.7482 | CEA116: 214.158 | CEB116: 222.3751 | CEC116: 237.9288 | CED116: 223.7823 | CEE116: 219.4376 | CEF116: 211.4426 | CEG116: 206.039 | CEH116: 230.2699 | CEI116: 230.822 | CEJ116: 236.9867 | CEK116: 222.1273 | CEL116: 236.06 | CEM116: 200.6001 | CEN116: 231.6469 | CEO116: 216.6098 | CEP116: 217.3485 | CEQ116: 229.3951 | CER116: 228.2797 | CES116: 213.7892 | CET116: 227.6957 | CEU116: 224.3819 | CEV116: 232.0855 | CEW116: 208.164 | CEX116: 227.9659 | CEY116: 219.3181 | CEZ116: 231.7086 | CFA116: 220.7613 | CFB116: 236.3868 | CFC116: 207.6873 | CFD116: 219.5569 | CFE116: 227.7704 | CFF116: 219.8504 | CFG116: 214.104 | CFH116: 228.4101 | CFI116: 230.553 | CFJ116: 212.3986 | CFK116: 217.6923 | CFL116: 223.5453 | CFM116: 225.3086 | CFN116: 212.0475 | CFO116: 218.7159 | CFP116: 214.3967 | CFQ116: 219.2758 | CFR116: 222.5712 | CFS116: 211.998 | CFT116: 221.4266 | CFU116: 212.0655 | CFV116: 237.9894 | CFW116: 220.5347 | CFX116: 207.612 | CFY116: 223.7555 | CFZ116: 241.5518 | CGA116: 211.715 | CGB116: 239.3451 | CGC116: 215.1785 | CGD116: 202.6922 | CGE116: 226.3083 | CGF116: 231.5602 | CGG116: 212.8535 | CGH116: 214.0535 | CGI116: 223.8908 | CGJ116: 229.3241 | CGK116: 219.1385 | CGL116: 219.5243 | CGM116: 222.4491 | CGN116: 240.6018 | CGO116: 221.2779 | CGP116: 223.8629 | CGQ116: 231.948 | CGR116: 213.3689 | CGS116: 227.2103 | CGT116: 228.3653 | CGU116: 232.435 | CGV116: 217.7998 | CGW116: 221.2072 | CGX116: 203.5457 | CGY116: 210.5114 | CGZ116: 221.3663 | CHA116: 219.9055 | CHB116: 230.6637 | CHC116: 216.5057 | CHD116: 223.0804 | CHE116: 230.3832 | CHF116: 221.4854 | CHG116: 232.3085 | CHH116: 222.8137 | CHI116: 229.361 | CHJ116: 213.4226 | CHK116: 215.9317 | CHL116: 227.4565 | CHM116: 210.9676 | CHN116: 204.7892 | CHO116: 229.303 | CHP116: 224.3667 | CHQ116: 220.6331 | CHR116: 236.9485 | CHS116: 238.2758 | CHT116: 227.6162 | CHU116: 219.4281 | CHV116: 218.4152 | CHW116: 218.1356 | CHX116: 246.839 | CHY116: 233.8973 | CHZ116: 244.9618 | CIA116: 224.324 | CIB116: 220.4593 | CIC116: 218.7503 | CID116: 226.444 | CIE116: 218.1213 | CIF116: 203.1899 | CIG116: 231.6139 | CIH116: 222.1389 | CII116: 214.0531 | CIJ116: 217.6439 | CIK116: 234.3029 | CIL116: 220.9305 | CIM116: 226.2377 | CIN116: 227.8359 | CIO116: 218.1525 | CIP116: 224.7654 | CIQ116: 231.2485 | CIR116: 215.5979 | CIS116: 210.6046 | CIT116: 213.881 | CIU116: 215.1114 | CIV116: 214.7964 | CIW116: 234.375 | CIX116: 217.9605 | CIY116: 214.8736 | CIZ116: 218.8974 | CJA116: 231.8033 | CJB116: 219.5697 | CJC116: 211.5304 | CJD116: 216.8009 | CJE116: 213.6615 | CJF116: 226.3043 | CJG116: 216.6854 | CJH116: 222.2085 | CJI116: 209.6487 | CJJ116: 220.3654 | CJK116: 226.5093 | CJL116: 214.9449 | CJM116: 214.1561 | CJN116: 218.5771 | CJO116: 231.5627 | CJP116: 231.613 | CJQ116: 215.8025 | CJR116: 197.2783 | CJS116: 208.8286 | CJT116: 233.5539 | CJU116: 201.5162 | CJV116: 223.9444 | CJW116: 217.1954 | CJX116: 214.5626 | CJY116: 234.2061 | CJZ116: 225.5801 | CKA116: 224.6162 | CKB116: 231.2822 | CKC116: 218.7588 | CKD116: 219.9363 | CKE116: 231.2084 | CKF116: 214.8597 | CKG116: 228.3508 | CKH116: 223.4555 | CKI116: 221.9263 | CKJ116: 220.7073 | CKK116: 230.8736 | CKL116: 207.1107 | CKM116: 219.4873 | CKN116: 218.789 | CKO116: 226.679 | CKP116: 210.8501 | CKQ116: 213.3486 | CKR116: 222.5477 | CKS116: 213.0857 | CKT116: 209.4926 | CKU116: 238.4841 | CKV116: 228.7567 | CKW116: 232.2406 | CKX116: 246.656 | CKY116: 223.516 | CKZ116: 232.8345 | CLA116: 225.5398 | CLB116: 221.8867 | CLC116: 208.0504 | CLD116: 215.5021 | CLE116: 234.3192 | CLF116: 234.6167 | CLG116: 216.2843 | CLH116: 215.0252 | CLI116: 222.2071 | CLJ116: 238.6209 | CLK116: 219.3166 | CLL116: 218.1538 | CLM116: 228.5642 | CLN116: 234.6353 | CLO116: 226.8199 | CLP116: 217.9592 | CLQ116: 216.6982 | CLR116: 214.8455 | CLS116: 228.9189 | CLT116: 237.9821 | CLU116: 223.1317 | CLV116: 239.1276 | CLW116: 218.5914 | CLX116: 214.4836 | CLY116: 219.4308 | CLZ116: 203.4347 | CMA116: 222.7379 | CMB116: 248.0222 | CMC116: 230.6622 | CMD116: 228.1273 | CME116: 216.5201 | CMF116: 219.3239 | CMG116: 223.945 | CMH116: 220.1408 | CMI116: 217.8455 | CMJ116: 227.5977 | CMK116: 225.6468 | CML116: 230.2456 | CMM116: 228.0388 | CMN116: 224.549 | CMO116: 222.0103 | CMP116: 225.5911 | CMQ116: 210.582 | CMR116: 237.29 | CMS116: 224.1263 | CMT116: 223.2547 | CMU116: 220.5325 | CMV116: 231.3467 | CMW116: 202.2392 | CMX116: 219.7181 | CMY116: 226.5433 | CMZ116: 204.7327 | CNA116: 222.3818 | CNB116: 233.2884 | CNC116: 219.9309 | CND116: 230.6332 | CNE116: 226.8039 | CNF116: 215.2793 | CNG116: 218.6372 | CNH116: 219.8827 | CNI116: 212.483 | CNJ116: 236.1452 | CNK116: 220.1432 | CNL116: 217.1274 | CNM116: 208.6856 | CNN116: 230.0615 | CNO116: 235.8566 | CNP116: 225.7264 | CNQ116: 225.3964 | CNR116: 199.4228 | CNS116: 237.4354 | CNT116: 217.1035 | CNU116: 228.4912 | CNV116: 218.7947 | CNW116: 213.604 | CNX116: 219.3211 | CNY116: 226.7137 | CNZ116: 237.3353 | COA116: 223.3932 | COB116: 210.9771 | COC116: 219.0403 | COD116: 225.6941 | COE116: 210.1781 | COF116: 226.6704 | COG116: 221.5154 | COH116: 229.4369 | COI116: 221.1418 | COJ116: 223.9823 | COK116: 234.9124 | COL116: 234.4918 | COM116: 242.4208 | CON116: 235.2251 | COO116: 206.8972 | COP116: 225.9046 | COQ116: 206.7695 | COR116: 217.3736 | COS116: 231.5405 | COT116: 221.4303 | COU116: 214.4116 | COV116: 226.2123 | COW116: 222.2261 | COX116: 216.4448 | COY116: 228.0569 | COZ116: 223.7116 | CPA116: 217.6394 | CPB116: 203.8929 | CPC116: 208.2771 | CPD116: 223.4671 | CPE116: 227.59 | CPF116: 219.4942 | CPG116: 236.8701 | CPH116: 227.7973 | CPI116: 217.1496 | CPJ116: 225.5064 | CPK116: 218.0397 | CPL116: 242.2149 | CPM116: 216.0692 | CPN116: 219.426 | CPO116: 221.2351 | CPP116: 216.1488 | CPQ116: 222.6767 | CPR116: 233.351 | CPS116: 214.1415 | CPT116: 219.7679 | CPU116: 211.9706 | CPV116: 210.9403 | CPW116: 225.8379 | CPX116: 211.9409 | CPY116: 227.1662 | CPZ116: 208.907 | CQA116: 214.6455 | CQB116: 222.8216 | CQC116: 222.0176 | CQD116: 223.5144 | CQE116: 207.7029 | CQF116: 218.2067 | CQG116: 220.7141 | CQH116: 218.1868 | CQI116: 220.0078 | CQJ116: 215.2892 | CQK116: 220.8163 | CQL116: 227.4499 | CQM116: 206.233 | CQN116: 237.6239 | CQO116: 236.7906 | CQP116: 217.6474 | CQQ116: 216.7702 | CQR116: 230.0467 | CQS116: 221.9074 | CQT116: 227.1777 | CQU116: 215.5195 | CQV116: 222.4742 | CQW116: 234.3249 | CQX116: 226.2833 | CQY116: 230.6868 | CQZ116: 230.5791 | CRA116: 235.2732 | CRB116: 238.1887 | CRC116: 230.2722 | CRD116: 227.8636 | CRE116: 227.2995 | CRF116: 246.2361 | CRG116: 222.1778 | CRH116: 242.0518 | CRI116: 218.5105 | CRJ116: 219.754 | CRK116: 226.7646 | CRL116: 236.1181 | CRM116: 227.7575 | CRN116: 215.6106 | CRO116: 207.8311 | CRP116: 222.5006 | CRQ116: 214.7329 | CRR116: 237.0653 | CRS116: 226.563 | CRT116: 238.3597 | CRU116: 225.8673 | CRV116: 250.3819 | CRW116: 222.067 | CRX116: 227.6759 | CRY116: 225.3539 | CRZ116: 230.839 | CSA116: 222.2888 | CSB116: 222.6795 | CSC116: 224.5999 | CSD116: 203.2333 | CSE116: 241.875 | CSF116: 217.0133 | CSG116: 247.129 | CSH116: 214.2979 | CSI116: 217.1584 | CSJ116: 234.057 | CSK116: 246.3704 | CSL116: 221.6553 | CSM116: 211.979 | CSN116: 232.9435 | CSO116: 226.1339 | CSP116: 223.538 | CSQ116: 216.2263 | CSR116: 219.7816 | CSS116: 222.2857 | CST116: 227.3881 | CSU116: 223.7151 | CSV116: 225.5613 | CSW116: 214.091 | CSX116: 227.8364 | CSY116: 223.3654 | CSZ116: 226.2091 | CTA116: 221.1575 | CTB116: 215.4505 | CTC116: 227.6333 | CTD116: 219.3244 | CTE116: 228.2215 | CTF116: 219.3983 | CTG116: 232.8977 | CTH116: 214.0909 | CTI116: 247.57 | CTJ116: 238.8165 | CTK116: 218.3555 | CTL116: 232.5405 | CTM116: 222.5137 | CTN116: 228.444 | CTO116: 237.8745 | CTP116: 219.9659 | CTQ116: 227.8432 | CTR116: 223.6879 | CTS116: 223.0366 | CTT116: 224.328 | CTU116: 242.3791 | CTV116: 213.6138 | CTW116: 206.5354 | CTX116: 229.8218 | CTY116: 221.3581 | CTZ116: 228.0785 | CUA116: 215.6332 | CUB116: 228.9919 | CUC116: 225.2351 | CUD116: 231.6941 | CUE116: 204.1046 | CUF116: 223.6346 | CUG116: 215.6462 | CUH116: 215.0508 | CUI116: 238.5661 | CUJ116: 216.5919 | CUK116: 214.7096 | CUL116: 220.6615 | CUM116: 226.408 | CUN116: 216.9186 | CUO116: 216.9537 | CUP116: 226.0374 | CUQ116: 219.4199 | CUR116: 228.5257 | CUS116: 217.8327 | CUT116: 239.7207 | CUU116: 227.0206 | CUV116: 218.4217 | CUW116: 249.9958 | CUX116: 230.2513 | CUY116: 224.4707 | CUZ116: 218.7968 | CVA116: 228.6965 | CVB116: 262.3868 | CVC116: 245.58 | CVD116: 260.4154 | CVE116: 238.0836 | CVF116: 255.6533 | CVG116: 268.8083 | CVH116: 248.924 | CVI116: 233.919 | CVJ116: 255.1446 | CVK116: 251.6318 | CVL116: 263.9854 | CVM116: 248.929 | CVN116: 247.2894 | CVO116: 212.8985 | CVP116: 233.661 | CVQ116: 235.8391 | CVR116: 220.3168 | CVS116: 233.8864 | CVT116: 275.4507 | CVU116: 266.9179 | CVV116: 239.3488 | CVW116: 223.7981 | CVX116: 203.7119 | CVY116: 220.1327 | CVZ116: 242.8206 | CWA116: 242.6793 | CWB116: 222.0508 | CWC116: 226.4848 | CWD116: 236.6899 | CWE116: 233.2443 | CWF116: 241.3768 | CWG116: 204.885 | CWH116: 236.7363 | CWI116: 219.4563 | CWJ116: 219.1619 | CWK116: 241.1734 | CWL116: 241.6645 | CWM116: 204.9197 | CWN116: 214.2288 | CWO116: 230.2057 | CWP116: 217.5434 | CWQ116: 238.0341 | CWR116: 235.7189 | CWS116: 229.1996 | CWT116: 217.6121 | CWU116: 207.7168 | CWV116: 230.1112 | CWW116: 221.3152 | CWX116: 221.9834 | CWY116: 237.0321 | CWZ116: 245.7052 | CXA116: 237.2446 | CXB116: 227.621 | CXC116: 230.566 | CXD116: 222.2526 | CXE116: 227.0875 | CXF116: 218.4463 | CXG116: 213.4952 | CXH116: 219.0843 | CXI116: 221.2573 | CXJ116: 230.6572 | CXK116: 224.8322 | CXL116: 236.1548 | CXM116: 217.6292 | CXN116: 225.8488 | CXO116: 227.6783 | CXP116: 208.8926 | CXQ116: 224.3923 | CXR116: 214.3557 | CXS116: 226.4419 | CXT116: 223.4472 | CXU116: 222.4922 | CXV116: 224.3537 | CXW116: 221.4827 | CXX116: 210.5882 | CXY116: 215.5567 | CXZ116: 240.7818 | CYA116: 219.5343 | CYB116: 225.2838 | CYC116: 217.229 | CYD116: 217.4432 | CYE116: 232.0215 | CYF116: 242.9476 | CYG116: 211.6899 | CYH116: 217.8377 | CYI116: 223.5572 | CYJ116: 214.8933 | CYK116: 227.1094 | CYL116: 221.6475 | CYM116: 216.8855 | CYN116: 228.2183 | CYO116: 200.722 | CYP116: 233.5968 | CYQ116: 227.6438 | CYR116: 237.8109 | CYS116: 232.2703 | CYT116: 232.2374 | CYU116: 233.3272 | CYV116: 237.5058 | CYW116: 215.4324 | CYX116: 233.5068 | CYY116: 227.8155 | CYZ116: 227.9796 | CZA116: 227.7264 | CZB116: 225.4854 | CZC116: 217.1437 | CZD116: 225.8464 | CZE116: 226.3867 | CZF116: 228.4871 | CZG116: 245.4005 | CZH116: 215.4052 | CZI116: 226.8531 | CZJ116: 219.703 | CZK116: 224.6401 | CZL116: 221.2141 | CZM116: 221.2503 | CZN116: 229.9297 | CZO116: 220.4947 | CZP116: 231.2143 | CZQ116: 218.4994 | CZR116: 216.5728 | CZS116: 227.8034 | CZT116: 238.4985 | CZU116: 215.5824 | CZV116: 224.5095 | CZW116: 236.6273 | CZX116: 221.8973 | CZY116: 218.745 | CZZ116: 224.4366 | DAA116: 217.4316 | DAB116: 229.3062 | DAC116: 229.3305 | DAD116: 225.8087 | DAE116: 221.8529 | DAF116: 222.4137 | DAG116: 212.7287 | DAH116: 222.8095 | DAI116: 215.8239 | DAJ116: 216.1426 | DAK116: 235.5521 | DAL116: 225.5071 | DAM116: 229.3472 | DAN116: 232.4317 | DAO116: 218.8939 | DAP116: 225.0613 | DAQ116: 221.8499 | DAR116: 220.268 | DAS116: 218.4119 | DAT116: 218.7302 | DAU116: 225.6676 | DAV116: 204.3203 | DAW116: 215.9626 | DAX116: 222.9843 | DAY116: 213.6149 | DAZ116: 216.6456 | DBA116: 215.0547 | DBB116: 207.1256 | DBC116: 234.2699 | DBD116: 218.3421 | DBE116: 225.2894 | DBF116: 207.6404 | DBG116: 224.7903 | DBH116: 214.6549 | DBI116: 206.8298 | DBJ116: 219.2694 | DBK116: 210.0948 | DBL116: 237.4369 | DBM116: 220.0577 | DBN116: 213.3304 | DBO116: 225.8815 | DBP116: 226.9374 | DBQ116: 228.0879 | DBR116: 212.7619 | DBS116: 221.1013 | DBT116: 211.6966 | DBU116: 234.0816 | DBV116: 208.6806 | DBW116: 204.2759 | DBX116: 224.725 | DBY116: 228.9248 | DBZ116: 221.7999 | DCA116: 238.4965 | DCB116: 214.0869 | DCC116: 249.9087 | DCD116: 218.1946 | DCE116: 210.8731 | DCF116: 221.0208 | DCG116: 225.9971 | DCH116: 212.5162 | DCI116: 216.6561 | DCJ116: 221.6993 | DCK116: 223.6427 | DCL116: 219.5776 | DCM116: 237.5731 | DCN116: 240.6616 | DCO116: 228.7849 | DCP116: 230.5972 | DCQ116: 228.7015 | DCR116: 236.7526 | DCS116: 219.0753 | DCT116: 223.7816 | DCU116: 225.2287 | DCV116: 225.297 | DCW116: 206.3164 | DCX116: 212.4414 | DCY116: 237.6513 | DCZ116: 224.6572 | DDA116: 230.1557 | DDB116: 234.9472 | DDC116: 226.513 | DDD116: 221.0007 | DDE116: 239.9235 | DDF116: 208.4979 | DDG116: 227.1208 | DDH116: 214.0153 | DDI116: 207.675 | DDJ116: 228.8942 | DDK116: 207.9627 | DDL116: 208.4966 | DDM116: 225.7277 | DDN116: 229.1715 | DDO116: 222.1867 | DDP116: 220.5879 | DDQ116: 213.5271 | DDR116: 229.8669 | DDS116: 234.6894 | DDT116: 215.3845 | DDU116: 246.1246 | DDV116: 244.816 | DDW116: 220.5978 | DDX116: 228.1475 | DDY116: 223.3332 | DDZ116: 224.0847 | DEA116: 232.9782 | DEB116: 228.4679 | DEC116: 221.2799 | DED116: 226.1672 | DEE116: 236.182 | DEF116: 211.6671 | DEG116: 218.7449 | DEH116: 227.1244 | DEI116: 219.7629 | DEJ116: 221.8228 | DEK116: 221.9701 | DEL116: 227.9258 | DEM116: 221.8745 | DEN116: 221.986 | DEO116: 219.276 | DEP116: 212.7101 | DEQ116: 218.7747 | DER116: 217.2579 | DES116: 226.994 | DET116: 226.6258 | DEU116: 206.3331 | DEV116: 208.5563 | DEW116: 203.0657 | DEX116: 207.7879 | DEY116: 230.5726 | DEZ116: 209.3601 | DFA116: 219.8523 | DFB116: 219.9059 | DFC116: 232.4392 | DFD116: 227.3475 | DFE116: 215.9304 | DFF116: 225.8841 | DFG116: 236.809 | DFH116: 219.8426 | DFI116: 225.9368 | DFJ116: 214.1487 | DFK116: 230.5305 | DFL116: 224.06 | DFM116: 212.0611 | DFN116: 232.6056 | DFO116: 240.0768 | DFP116: 217.8748 | DFQ116: 235.3291 | DFR116: 231.8497 | DFS116: 235.1553 | DFT116: 209.9191 | DFU116: 222.8857 | DFV116: 210.8392 | DFW116: 228.0576 | DFX116: 221.5711 | DFY116: 243.9119 | DFZ116: 234.4508 | DGA116: 230.044 | DGB116: 223.202 | DGC116: 220.1625 | DGD116: 221.5915 | DGE116: 219.9965 | DGF116: 203.31 | DGG116: 219.8089 | DGH116: 228.2865 | DGI116: 235.1944 | DGJ116: 211.639 | DGK116: 237.7059 | DGL116: 228.0117 | DGM116: 217.846 | DGN116: 232.0462 | DGO116: 220.4419 | DGP116: 229.9706 | DGQ116: 221.3896 | DGR116: 225.6656 | DGS116: 220.0252 | DGT116: 209.1642 | DGU116: 236.1605 | DGV116: 214.1817 | DGW116: 212.9245 | DGX116: 219.4374 | DGY116: 214.7169 | DGZ116: 227.5495 | DHA116: 230.391 | DHB116: 211.1015 | DHC116: 221.6178 | DHD116: 235.408 | DHE116: 235.3913 | DHF116: 219.958 | DHG116: 212.1278 | DHH116: 225.4276 | DHI116: 243.2541 | DHJ116: 229.4212 | DHK116: 209.6667 | DHL116: 226.4939 | DHM116: 222.3966 | DHN116: 217.948 | DHO116: 213.6842 | DHP116: 220.3929 | DHQ116: 226.9074 | DHR116: 216.3791 | DHS116: 207.3435 | DHT116: 217.5278 | DHU116: 225.3279 | DHV116: 228.1901 | DHW116: 216.8469 | DHX116: 229.5825 | DHY116: 211.1912 | DHZ116: 222.3641 | DIA116: 217.2271 | DIB116: 218.7903 | DIC116: 206.88 | DID116: 212.5367 | DIE116: 227.7538 | DIF116: 229.3997 | DIG116: 225.4707 | DIH116: 225.948 | DII116: 226.2629 | DIJ116: 229.7803 | DIK116: 227.2236 | DIL116: 230.6682 | DIM116: 228.1511 | DIN116: 222.8433 | DIO116: 229.4588 | DIP116: 222.8681 | DIQ116: 227.0015 | DIR116: 237.5462 | DIS116: 227.2307 | DIT116: 219.1175 | DIU116: 216.6489 | DIV116: 208.8491 | DIW116: 204.3804 | DIX116: 207.0174 | DIY116: 227.7638 | DIZ116: 236.6218 | DJA116: 238.8284 | DJB116: 222.1012 | DJC116: 211.7737 | DJD116: 221.1412 | DJE116: 218.5848 | DJF116: 227.809 | DJG116: 211.6243 | DJH116: 230.7397 | DJI116: 226.7603 | DJJ116: 228.5626 | DJK116: 231.0002 | DJL116: 216.8402 | DJM116: 221.0562 | DJN116: 227.903 | DJO116: 217.192 | DJP116: 214.9385 | DJQ116: 230.756 | DJR116: 244.5449 | DJS116: 217.9424 | DJT116: 214.0825 | DJU116: 224.9871 | DJV116: 233.9033 | DJW116: 220.7253 | DJX116: 206.6322 | DJY116: 234.525 | DJZ116: 218.2046 | DKA116: 228.3976 | DKB116: 239.1844 | DKC116: 219.5257 | DKD116: 216.2355 | DKE116: 215.9302 | DKF116: 229.0576 | DKG116: 264.5927 | DKH116: 260.9553 | DKI116: 249.9148 | DKJ116: 237.8269 | DKK116: 215.765 | DKL116: 218.822 | DKM116: 233.5858 | DKN116: 248.419 | DKO116: 260.5805 | DKP116: 234.0326 | DKQ116: 234.312 | DKR116: 217.5913 | DKS116: 226.7203 | DKT116: 227.6885 | DKU116: 224.4335 | DKV116: 237.4138 | DKW116: 213.5114 | DKX116: 222.8327 | DKY116: 237.3206
A117: SVC | B117: predictions_2 | C117: =AVERAGE(F117:DJI117) -> 220.04776 | D117: =_xlfn.STDEV.S(F117:DJI117) -> 9.9744498 | F117: 217.1852 | G117: 208.3444 | H117: 226.9938 | I117: 214.6037 | J117: 225.5684 | K117: 236.8563 | L117: 220.2059 | M117: 228.0954 | N117: 208.0333 | O117: 224.2934 | P117: 206.6136 | Q117: 215.2077 | R117: 223.8028 | S117: 211.2039 | T117: 216.3649 | U117: 214.077 | V117: 219.0578 | W117: 219.413 | X117: 212.3925 | Y117: 204.6651 | Z117: 234.6316 | AA117: 225.7002 | AB117: 236.325 | AC117: 217.8732 | AD117: 212.7866 | AE117: 214.2525 | AF117: 205.7176 | AG117: 214.4506 | AH117: 216.6462 | AI117: 218.3564 | AJ117: 222.8712 | AK117: 215.6159 | AL117: 211.8814 | AM117: 229.4547 | AN117: 226.7357 | AO117: 231.2076 | AP117: 223.1295 | AQ117: 201.1027 | AR117: 228.697 | AS117: 232.2531 | AT117: 206.7638 | AU117: 219.5837 | AV117: 209.3144 | AW117: 222.1675 | AX117: 215.2415 | AY117: 218.3751 | AZ117: 205.4716 | BA117: 222.4335 | BB117: 219.1385 | BC117: 217.679 | BD117: 227.9962 | BE117: 225.677 | BF117: 233.132 | BG117: 226.1625 | BH117: 204.2212 | BI117: 215.3992 | BJ117: 217.5625 | BK117: 206.0396 | BL117: 222.1034 | BM117: 201.5669 | BN117: 213.9288 | BO117: 216.6432 | BP117: 210.7924 | BQ117: 231.8339 | BR117: 225.0601 | BS117: 212.5001 | BT117: 226.8478 | BU117: 208.7032 | BV117: 222.4495 | BW117: 233.039 | BX117: 235.5054 | BY117: 227.4246 | BZ117: 224.8325 | CA117: 212.5249 | CB117: 202.4883 | CC117: 224.0998 | CD117: 217.4755 | CE117: 228.2779 | CF117: 228.8556 | CG117: 223.9014 | CH117: 206.3753 | CI117: 209.4929 | CJ117: 197.6518 | CK117: 216.7985 | CL117: 223.4247 | CM117: 230.2244 | CN117: 220.6864 | CO117: 222.7328 | CP117: 208.801 | CQ117: 220.7816 | CR117: 205.0076 | CS117: 222.7857 | CT117: 254.0173 | CU117: 244.8369 | CV117: 217.4398 | CW117: 213.3792 | CX117: 222.1861 | CY117: 221.3525 | CZ117: 207.1486 | DA117: 203.4516 | DB117: 207.1239 | DC117: 227.0953 | DD117: 211.2433 | DE117: 204.513 | DF117: 210.8814 | DG117: 212.6446 | DH117: 215.8601 | DI117: 223.1481 | DJ117: 208.9818 | DK117: 220.3712 | DL117: 228.1132 | DM117: 214.2378 | DN117: 220.8039 | DO117: 228.135 | DP117: 233.3488 | DQ117: 210.3316 | DR117: 197.7395 | DS117: 215.9244 | DT117: 204.8309 | DU117: 210.914 | DV117: 221.0918 | DW117: 231.4864 | DX117: 217.8714 | DY117: 215.043 | DZ117: 227.5211 | EA117: 212.9343 | EB117: 230.0477 | EC117: 224.2252 | ED117: 219.3637 | EE117: 216.6447 | EF117: 206.2468 | EG117: 222.7796 | EH117: 221.2581 | EI117: 226.7391 | EJ117: 226.1289 | EK117: 226.3544 | EL117: 225.0917 | EM117: 217.9696 | EN117: 225.7132 | EO117: 231.4413 | EP117: 223.9936 | EQ117: 220.9947 | ER117: 227.6533 | ES117: 218.7595 | ET117: 244.3501 | EU117: 211.3568 | EV117: 226.102 | EW117: 224.6138 | EX117: 230.438 | EY117: 221.1795 | EZ117: 224.0519 | FA117: 219.564 | FB117: 222.0214 | FC117: 227.8811 | FD117: 214.511 | FE117: 225.388 | FF117: 199.9353 | FG117: 217.7765 | FH117: 210.6546 | FI117: 214.1491 | FJ117: 219.0789 | FK117: 218.3292 | FL117: 232.7778 | FM117: 223.3527 | FN117: 221.8549 | FO117: 229.4836 | FP117: 227.0232 | FQ117: 197.1024 | FR117: 225.9889 | FS117: 224.1675 | FT117: 216.9695 | FU117: 235.2301 | FV117: 215.3246 | FW117: 217.7504 | FX117: 208.6114 | FY117: 213.8292 | FZ117: 233.8466 | GA117: 228.8455 | GB117: 208.1329 | GC117: 225.324 | GD117: 214.7644 | GE117: 212.495 | GF117: 213.1037 | GG117: 217.7077 | GH117: 225.7156 | GI117: 208.9136 | GJ117: 218.9149 | GK117: 230.0658 | GL117: 212.1452 | GM117: 228.0539 | GN117: 219.6058 | GO117: 212.7455 | GP117: 223.1939 | GQ117: 217.3031 | GR117: 223.9916 | GS117: 216.131 | GT117: 223.599 | GU117: 219.7979 | GV117: 230.1482 | GW117: 212.855 | GX117: 221.1195 | GY117: 211.5433 | GZ117: 238.4666 | HA117: 213.1161 | HB117: 235.1915 | HC117: 218.7816 | HD117: 218.0137 | HE117: 219.9751 | HF117: 229.7016 | HG117: 222.86 | HH117: 202.5968 | HI117: 212.4594 | HJ117: 221.4845 | HK117: 227.4603 | HL117: 213.0797 | HM117: 229.4625 | HN117: 215.637 | HO117: 219.4533 | HP117: 224.4845 | HQ117: 215.4393 | HR117: 210.8311 | HS117: 244.3737 | HT117: 213.1043 | HU117: 251.6256 | HV117: 213.987 | HW117: 226.7258 | HX117: 221.2461 | HY117: 214.7857 | HZ117: 225.9396 | IA117: 211.2619 | IB117: 219.0678 | IC117: 222.3842 | ID117: 226.2714 | IE117: 214.7392 | IF117: 229.6518 | IG117: 225.0741 | IH117: 233.324 | II117: 235.2042 | IJ117: 223.8733 | IK117: 220.8366 | IL117: 202.4179 | IM117: 219.033 | IN117: 205.7045 | IO117: 207.88 | IP117: 233.946 | IQ117: 214.4643 | IR117: 241.1271 | IS117: 218.3095 | IT117: 209.4829 | IU117: 223.761 | IV117: 221.4185 | IW117: 227.2291 | IX117: 218.6564 | IY117: 219.2415 | IZ117: 220.7306 | JA117: 219.039 | JB117: 219.815 | JC117: 226.6276 | JD117: 229.1681 | JE117: 212.0946 | JF117: 212.8781 | JG117: 210.2722 | JH117: 226.1999 | JI117: 225.4421 | JJ117: 211.7266 | JK117: 227.9705 | JL117: 225.0254 | JM117: 218.3186 | JN117: 213.5081 | JO117: 224.1537 | JP117: 223.363 | JQ117: 237.2833 | JR117: 224.9342 | JS117: 221.1828 | JT117: 212.7044 | JU117: 227.2872 | JV117: 205.5538 | JW117: 217.0987 | JX117: 225.5652 | JY117: 210.8323 | JZ117: 224.3189 | KA117: 242.2204 | KB117: 214.6275 | KC117: 230.033 | KD117: 226.3126 | KE117: 203.4343 | KF117: 220.3729 | KG117: 219.4244 | KH117: 213.7632 | KI117: 210.6587 | KJ117: 213.1567 | KK117: 216.1519 | KL117: 216.5237 | KM117: 221.9315 | KN117: 207.5939 | KO117: 224.194 | KP117: 214.6419 | KQ117: 214.348 | KR117: 234.5189 | KS117: 207.9648 | KT117: 214.4828 | KU117: 210.6368 | KV117: 228.3534 | KW117: 213.1996 | KX117: 215.2002 | KY117: 222.5164 | KZ117: 231.8429 | LA117: 217.0519 | LB117: 199.1544 | LC117: 211.4939 | LD117: 217.2089 | LE117: 227.2295 | LF117: 218.1647 | LG117: 215.5471 | LH117: 218.8558 | LI117: 221.5774 | LJ117: 234.3472 | LK117: 219.5305 | LL117: 221.7788 | LM117: 226.9749 | LN117: 228.0538 | LO117: 214.3251 | LP117: 218.9555 | LQ117: 232.3713 | LR117: 231.6096 | LS117: 225.3288 | LT117: 212.5773 | LU117: 230.9888 | LV117: 214.8164 | LW117: 224.1367 | LX117: 211.7412 | LY117: 227.923 | LZ117: 224.9061 | MA117: 230.1432 | MB117: 222.2072 | MC117: 226.1716 | MD117: 213.3865 | ME117: 231.8006 | MF117: 231.1864 | MG117: 234.0233 | MH117: 212.5666 | MI117: 211.7406 | MJ117: 225.7959 | MK117: 244.8046 | ML117: 220.181 | MM117: 213.9915 | MN117: 214.4926 | MO117: 223.3821 | MP117: 220.0899 | MQ117: 215.1992 | MR117: 223.5452 | MS117: 210.2581 | MT117: 209.0088 | MU117: 204.4293 | MV117: 213.4851 | MW117: 216.4069 | MX117: 212.9166 | MY117: 220.7236 | MZ117: 209.7477 | NA117: 208.7526 | NB117: 204.5374 | NC117: 209.4977 | ND117: 217.1333 | NE117: 198.3727 | NF117: 209.8612 | NG117: 220.8443 | NH117: 217.946 | NI117: 215.6645 | NJ117: 221.5252 | NK117: 213.1387 | NL117: 205.23 | NM117: 212.1778 | NN117: 216.7038 | NO117: 211.7303 | NP117: 230.324 | NQ117: 240.0727 | NR117: 219.8158 | NS117: 218.3241 | NT117: 222.4667 | NU117: 211.8499 | NV117: 228.1943 | NW117: 218.0885 | NX117: 216.7988 | NY117: 228.3944 | NZ117: 235.4667 | OA117: 222.3651 | OB117: 205.9185 | OC117: 225.4332 | OD117: 225.5594 | OE117: 215.6639 | OF117: 202.1834 | OG117: 203.9356 | OH117: 213.3098 | OI117: 206.288 | OJ117: 221.6145 | OK117: 224.0146 | OL117: 228.22 | OM117: 221.7899 | ON117: 211.4466 | OO117: 224.6869 | OP117: 222.5327 | OQ117: 222.2369 | OR117: 227.3918 | OS117: 216.0849 | OT117: 215.671 | OU117: 211.9111 | OV117: 228.8936 | OW117: 234.1741 | OX117: 221.1902 | OY117: 220.388 | OZ117: 206.4115 | PA117: 220.4284 | PB117: 262.352 | PC117: 226.9542 | PD117: 209.511 | PE117: 214.5147 | PF117: 221.0899 | PG117: 239.6923 | PH117: 234.8359 | PI117: 235.9717 | PJ117: 219.6892 | PK117: 224.8046 | PL117: 216.2226 | PM117: 223.6527 | PN117: 212.2054 | PO117: 231.5473 | PP117: 218.9756 | PQ117: 225.1354 | PR117: 221.441 | PS117: 209.5645 | PT117: 215.549 | PU117: 215.5648 | PV117: 215.5151 | PW117: 214.9847 | PX117: 226.5864 | PY117: 223.8955 | PZ117: 213.3668 | QA117: 208.0039 | QB117: 202.8101 | QC117: 219.0924 | QD117: 223.9168 | QE117: 228.3105 | QF117: 209.4562 | QG117: 225.2525 | QH117: 202.831 | QI117: 228.9857 | QJ117: 206.6347 | QK117: 221.877 | QL117: 227.0949 | QM117: 213.1196 | QN117: 217.3956 | QO117: 212.7045 | QP117: 219.1341 | QQ117: 207.4059 | QR117: 228.6438 | QS117: 228.6223 | QT117: 219.1236 | QU117: 222.003 | QV117: 226.2498 | QW117: 208.9724 | QX117: 237.2241 | QY117: 228.1186 | QZ117: 221.2797 | RA117: 198.9766 | RB117: 205.2514 | RC117: 222.3456 | RD117: 234.6846 | RE117: 205.7062 | RF117: 211.1953 | RG117: 217.752 | RH117: 227.9414 | RI117: 225.0533 | RJ117: 229.6854 | RK117: 227.6626 | RL117: 219.7244 | RM117: 227.4532 | RN117: 214.0946 | RO117: 219.4934 | RP117: 211.282 | RQ117: 209.4397 | RR117: 230.7787 | RS117: 198.9086 | RT117: 211.1972 | RU117: 210.2999 | RV117: 238.9851 | RW117: 218.5232 | RX117: 198.4626 | RY117: 221.6164 | RZ117: 228.438 | SA117: 232.0498 | SB117: 204.1749 | SC117: 213.4506 | SD117: 224.2509 | SE117: 209.1678 | SF117: 219.9672 | SG117: 205.8067 | SH117: 241.5096 | SI117: 228.0154 | SJ117: 214.3279 | SK117: 224.1263 | SL117: 218.9192 | SM117: 217.6957 | SN117: 207.0123 | SO117: 245.0029 | SP117: 217.8896 | SQ117: 210.5396 | SR117: 221.1734 | SS117: 213.7185 | ST117: 227.8196 | SU117: 215.2828 | SV117: 234.7833 | SW117: 219.5196 | SX117: 218.4009 | SY117: 212.8547 | SZ117: 215.8305 | TA117: 202.4769 | TB117: 221.2386 | TC117: 216.5008 | TD117: 221.802 | TE117: 216.548 | TF117: 204.0801 | TG117: 214.6203 | TH117: 225.1944 | TI117: 217.7853 | TJ117: 223.3463 | TK117: 211.0492 | TL117: 221.2061 | TM117: 220.2445 | TN117: 219.1821 | TO117: 224.4396 | TP117: 223.566 | TQ117: 225.4118 | TR117: 204.4705 | TS117: 204.4042 | TT117: 214.9077 | TU117: 223.1332 | TV117: 232.0406 | TW117: 206.1276 | TX117: 207.0771 | TY117: 224.2118 | TZ117: 203.8465 | UA117: 216.5064 | UB117: 205.8208 | UC117: 220.2738 | UD117: 216.212 | UE117: 225.4642 | UF117: 216.9418 | UG117: 210.8302 | UH117: 267.5277 | UI117: 257.7564 | UJ117: 247.9891 | UK117: 233.1091 | UL117: 217.3183 | UM117: 211.9208 | UN117: 227.4802 | UO117: 209.2819 | UP117: 216.3476 | UQ117: 210.0779 | UR117: 201.5544 | US117: 220.9584 | UT117: 213.1428 | UU117: 218.8989 | UV117: 223.8482 | UW117: 213.3431 | UX117: 214.9156 | UY117: 231.3265 | UZ117: 231.4029 | VA117: 232.5944 | VB117: 223.4486 | VC117: 215.11 | VD117: 216.6681 | VE117: 229.5212 | VF117: 210.5384 | VG117: 219.2679 | VH117: 201.0648 | VI117: 231.6695 | VJ117: 224.2485 | VK117: 219.3315 | VL117: 226.7008 | VM117: 240.9838 | VN117: 217.8658 | VO117: 202.3638 | VP117: 215.9312 | VQ117: 222.5086 | VR117: 226.3695 | VS117: 226.1253 | VT117: 225.5577 | VU117: 218.6507 | VV117: 218.6987 | VW117: 237.9356 | VX117: 219.9598 | VY117: 225.4228 | VZ117: 232.0227 | WA117: 227.9823 | WB117: 233.9692 | WC117: 211.1625 | WD117: 227.8812 | WE117: 222.9074 | WF117: 213.8677 | WG117: 224.3155 | WH117: 229.8164 | WI117: 220.157 | WJ117: 220.6378 | WK117: 228.0914 | WL117: 202.3951 | WM117: 230.2848 | WN117: 211.8347 | WO117: 228.8979 | WP117: 215.6173 | WQ117: 220.0636 | WR117: 230.1105 | WS117: 225.0374 | WT117: 232.0873 | WU117: 199.7421 | WV117: 221.0047 | WW117: 217.5913 | WX117: 220.406 | WY117: 231.2323 | WZ117: 227.141 | XA117: 213.3946 | XB117: 205.9171 | XC117: 217.7204 | XD117: 208.2069 | XE117: 222.2603 | XF117: 209.3784 | XG117: 226.2539 | XH117: 205.5707 | XI117: 200.3824 | XJ117: 218.2129 | XK117: 223.4628 | XL117: 217.5347 | XM117: 217.2356 | XN117: 229.7614 | XO117: 214.5713 | XP117: 219.961 | XQ117: 234.4775 | XR117: 207.7208 | XS117: 227.397 | XT117: 240.9126 | XU117: 226.7369 | XV117: 220.1273 | XW117: 223.1034 | XX117: 229.9697 | XY117: 209.3403 | XZ117: 221.1066 | YA117: 214.3371 | YB117: 215.231 | YC117: 224.0768 | YD117: 213.2175 | YE117: 213.2626 | YF117: 220.6357 | YG117: 213.6813 | YH117: 229.4512 | YI117: 223.182 | YJ117: 199.6586 | YK117: 211.3215 | YL117: 230.968 | YM117: 222.3298 | YN117: 208.7761 | YO117: 233.985 | YP117: 200.3841 | YQ117: 215.7781 | YR117: 223.4144 | YS117: 211.5302 | YT117: 226.7764 | YU117: 231.6964 | YV117: 214.6729 | YW117: 223.1378 | YX117: 224.7894 | YY117: 217.5154 | YZ117: 218.6631 | ZA117: 218.1628 | ZB117: 212.8208 | ZC117: 221.5744 | ZD117: 202.245 | ZE117: 218.0672 | ZF117: 211.8751 | ZG117: 209.9797 | ZH117: 226.6802 | ZI117: 206.9938 | ZJ117: 225.3796 | ZK117: 236.0684 | ZL117: 210.3611 | ZM117: 232.3049 | ZN117: 230.5817 | ZO117: 219.5552 | ZP117: 207.1886 | ZQ117: 206.9161 | ZR117: 220.9341 | ZS117: 208.4397 | ZT117: 209.7343 | ZU117: 207.9228 | ZV117: 216.6372 | ZW117: 206.5091 | ZX117: 227.6402 | ZY117: 225.7963 | ZZ117: 232.1724 | AAA117: 211.535 | AAB117: 222.9369 | AAC117: 210.9845 | AAD117: 207.022 | AAE117: 211.6238 | AAF117: 214.7579 | AAG117: 247.4804 | AAH117: 217.4409 | AAI117: 212.608 | AAJ117: 214.9272 | AAK117: 230.3041 | AAL117: 241.2999 | AAM117: 221.4764 | AAN117: 225.4711 | AAO117: 220.8218 | AAP117: 231.1915 | AAQ117: 215.9428 | AAR117: 209.6784 | AAS117: 202.6024 | AAT117: 210.2775 | AAU117: 222.1499 | AAV117: 212.7157 | AAW117: 217.1804 | AAX117: 224.1738 | AAY117: 226.5153 | AAZ117: 218.4806 | ABA117: 224.7979 | ABB117: 228.4059 | ABC117: 209.2611 | ABD117: 207.7796 | ABE117: 213.2152 | ABF117: 225.4325 | ABG117: 212.9459 | ABH117: 222.0754 | ABI117: 222.9076 | ABJ117: 219.2338 | ABK117: 212.7694 | ABL117: 204.7353 | ABM117: 215.4707 | ABN117: 204.6317 | ABO117: 223.084 | ABP117: 216.9621 | ABQ117: 212.6523 | ABR117: 222.2512 | ABS117: 208.8464 | ABT117: 216.7984 | ABU117: 224.4051 | ABV117: 207.5263 | ABW117: 235.6855 | ABX117: 212.7148 | ABY117: 221.3018 | ABZ117: 217.5427 | ACA117: 222.5746 | ACB117: 212.4679 | ACC117: 211.8079 | ACD117: 232.8924 | ACE117: 220.0008 | ACF117: 221.7331 | ACG117: 239.1642 | ACH117: 206.16 | ACI117: 203.9018 | ACJ117: 221.8858 | ACK117: 239.3469 | ACL117: 212.4328 | ACM117: 229.7919 | ACN117: 218.669 | ACO117: 228.5095 | ACP117: 213.6018 | ACQ117: 218.7848 | ACR117: 218.8738 | ACS117: 239.8368 | ACT117: 224.675 | ACU117: 217.766 | ACV117: 232.106 | ACW117: 226.2127 | ACX117: 219.3345 | ACY117: 217.3667 | ACZ117: 236.9472 | ADA117: 212.4266 | ADB117: 219.8017 | ADC117: 210.5996 | ADD117: 213.6235 | ADE117: 235.8443 | ADF117: 229.4644 | ADG117: 229.9806 | ADH117: 223.7451 | ADI117: 219.0852 | ADJ117: 207.2764 | ADK117: 240.0979 | ADL117: 203.3602 | ADM117: 228.9565 | ADN117: 215.8028 | ADO117: 218.3717 | ADP117: 222.1755 | ADQ117: 215.2856 | ADR117: 215.7013 | ADS117: 204.5558 | ADT117: 222.4401 | ADU117: 218.6156 | ADV117: 216.1648 | ADW117: 223.806 | ADX117: 228.7283 | ADY117: 224.9683 | ADZ117: 227.9129 | AEA117: 221.409 | AEB117: 214.9724 | AEC117: 223.1322 | AED117: 208.6815 | AEE117: 211.5766 | AEF117: 198.3646 | AEG117: 204.3838 | AEH117: 221.9917 | AEI117: 208.5241 | AEJ117: 216.1226 | AEK117: 206.1057 | AEL117: 223.5043 | AEM117: 229.9362 | AEN117: 219.2135 | AEO117: 217.5481 | AEP117: 212.978 | AEQ117: 218.277 | AER117: 224.8397 | AES117: 211.2451 | AET117: 229.0661 | AEU117: 222.5164 | AEV117: 224.0743 | AEW117: 212.9509 | AEX117: 216.6585 | AEY117: 215.1563 | AEZ117: 221.8893 | AFA117: 225.7578 | AFB117: 210.1143 | AFC117: 202.9259 | AFD117: 213.1275 | AFE117: 239.6303 | AFF117: 217.8553 | AFG117: 222.0864 | AFH117: 228.4479 | AFI117: 223.582 | AFJ117: 231.0363 | AFK117: 242.0779 | AFL117: 226.1972 | AFM117: 217.2406 | AFN117: 217.4137 | AFO117: 210.7288 | AFP117: 213.0143 | AFQ117: 205.8818 | AFR117: 202.7782 | AFS117: 207.7124 | AFT117: 216.7808 | AFU117: 210.0181 | AFV117: 226.7697 | AFW117: 235.8913 | AFX117: 203.365 | AFY117: 221.5065 | AFZ117: 217.8124 | AGA117: 200.8277 | AGB117: 224.4549 | AGC117: 230.6832 | AGD117: 219.5756 | AGE117: 222.1553 | AGF117: 221.5328 | AGG117: 218.3783 | AGH117: 219.271 | AGI117: 221.0192 | AGJ117: 217.091 | AGK117: 223.5326 | AGL117: 211.8467 | AGM117: 215.9384 | AGN117: 204.4917 | AGO117: 226.718 | AGP117: 239.6721 | AGQ117: 227.6982 | AGR117: 230.7029 | AGS117: 215.1294 | AGT117: 210.2158 | AGU117: 209.8788 | AGV117: 224.357 | AGW117: 207.8938 | AGX117: 211.3171 | AGY117: 219.0222 | AGZ117: 216.2728 | AHA117: 206.2507 | AHB117: 220.8621 | AHC117: 205.8464 | AHD117: 214.1372 | AHE117: 201.2318 | AHF117: 211.4478 | AHG117: 218.7017 | AHH117: 206.1596 | AHI117: 215.0467 | AHJ117: 204.531 | AHK117: 224.4311 | AHL117: 229.197 | AHM117: 238.2768 | AHN117: 214.6213 | AHO117: 232.1655 | AHP117: 231.0441 | AHQ117: 222.0009 | AHR117: 216.5885 | AHS117: 212.6026 | AHT117: 222.7167 | AHU117: 214.5655 | AHV117: 215.5382 | AHW117: 214.0103 | AHX117: 211.0965 | AHY117: 206.6178 | AHZ117: 216.8318 | AIA117: 217.4114 | AIB117: 220.7762 | AIC117: 209.2709 | AID117: 219.8566 | AIE117: 217.3497 | AIF117: 215.9076 | AIG117: 208.3609 | AIH117: 209.3237 | AII117: 238.485 | AIJ117: 218.059 | AIK117: 210.5447 | AIL117: 215.2363 | AIM117: 229.6979 | AIN117: 220.2676 | AIO117: 209.8821 | AIP117: 224.1347 | AIQ117: 226.897 | AIR117: 223.2527 | AIS117: 219.8441 | AIT117: 213.7036 | AIU117: 206.9337 | AIV117: 213.4786 | AIW117: 224.8337 | AIX117: 226.4189 | AIY117: 211.8986 | AIZ117: 215.736 | AJA117: 228.6169 | AJB117: 208.9005 | AJC117: 203.0128 | AJD117: 218.3759 | AJE117: 219.427 | AJF117: 212.4835 | AJG117: 217.9259 | AJH117: 222.658 | AJI117: 217.8941 | AJJ117: 217.601 | AJK117: 220.3321 | AJL117: 214.6786 | AJM117: 215.3247 | AJN117: 217.5507 | AJO117: 214.9156 | AJP117: 227.9027 | AJQ117: 212.0393 | AJR117: 205.0409 | AJS117: 212.8129 | AJT117: 225.7237 | AJU117: 201.13 | AJV117: 216.7966 | AJW117: 212.2722 | AJX117: 234.6378 | AJY117: 216.0776 | AJZ117: 231.2703 | AKA117: 206.422 | AKB117: 209.7306 | AKC117: 223.0163 | AKD117: 244.4465 | AKE117: 218.3805 | AKF117: 214.2728 | AKG117: 216.3557 | AKH117: 244.648 | AKI117: 226.8427 | AKJ117: 221.5344 | AKK117: 221.1242 | AKL117: 221.0476 | AKM117: 202.1985 | AKN117: 222.456 | AKO117: 213.8738 | AKP117: 206.5457 | AKQ117: 238.1036 | AKR117: 218.9204 | AKS117: 218.5183 | AKT117: 209.3647 | AKU117: 221.6527 | AKV117: 209.7479 | AKW117: 212.3633 | AKX117: 226.5346 | AKY117: 197.2879 | AKZ117: 232.8439 | ALA117: 209.4308 | ALB117: 227.1466 | ALC117: 204.5911 | ALD117: 232.0413 | ALE117: 214.8183 | ALF117: 220.2855 | ALG117: 193.3408 | ALH117: 223.494 | ALI117: 223.6031 | ALJ117: 214.3718 | ALK117: 215.4545 | ALL117: 217.571 | ALM117: 216.1507 | ALN117: 236.1616 | ALO117: 220.093 | ALP117: 217.9817 | ALQ117: 215.2784 | ALR117: 226.0118 | ALS117: 214.3768 | ALT117: 222.3124 | ALU117: 216.4297 | ALV117: 212.4952 | ALW117: 217.9536 | ALX117: 213.9736 | ALY117: 207.3824 | ALZ117: 233.2217 | AMA117: 236.8783 | AMB117: 229.9672 | AMC117: 223.9507 | AMD117: 212.5033 | AME117: 208.7983 | AMF117: 234.5298 | AMG117: 242.4681 | AMH117: 227.6786 | AMI117: 216.6624 | AMJ117: 202.8359 | AMK117: 254.4831 | AML117: 234.098 | AMM117: 199.5227 | AMN117: 206.3229 | AMO117: 234.1181 | AMP117: 220.6412 | AMQ117: 215.1263 | AMR117: 203.5355 | AMS117: 210.3064 | AMT117: 233.7982 | AMU117: 211.3932 | AMV117: 227.1395 | AMW117: 209.7318 | AMX117: 233.2751 | AMY117: 209.7919 | AMZ117: 214.9442 | ANA117: 230.7202 | ANB117: 206.9856 | ANC117: 213.8081 | AND117: 212.5831 | ANE117: 229.0443 | ANF117: 218.6278 | ANG117: 220.1492 | ANH117: 215.8934 | ANI117: 216.1698 | ANJ117: 226.8963 | ANK117: 224.1303 | ANL117: 227.1628 | ANM117: 204.6768 | ANN117: 216.1211 | ANO117: 210.6375 | ANP117: 216.9999 | ANQ117: 217.4187 | ANR117: 214.987 | ANS117: 226.6077 | ANT117: 213.2802 | ANU117: 215.0037 | ANV117: 228.2643 | ANW117: 224.5569 | ANX117: 232.3162 | ANY117: 213.639 | ANZ117: 222.5122 | AOA117: 209.3419 | AOB117: 217.967 | AOC117: 230.8659 | AOD117: 215.4646 | AOE117: 212.092 | AOF117: 212.4987 | AOG117: 235.8208 | AOH117: 228.2778 | AOI117: 215.4429 | AOJ117: 205.1064 | AOK117: 215.8118 | AOL117: 216.4993 | AOM117: 210.6622 | AON117: 218.7945 | AOO117: 200.9601 | AOP117: 212.1037 | AOQ117: 214.2481 | AOR117: 217.2189 | AOS117: 206.6332 | AOT117: 204.6565 | AOU117: 234.0203 | AOV117: 208.8007 | AOW117: 202.4978 | AOX117: 205.5343 | AOY117: 212.4085 | AOZ117: 224.645 | APA117: 212.5193 | APB117: 222.5905 | APC117: 212.5854 | APD117: 210.4208 | APE117: 231.3984 | APF117: 214.3954 | APG117: 208.2475 | APH117: 239.3714 | API117: 241.9289 | APJ117: 236.4876 | APK117: 229.3911 | APL117: 203.6908 | APM117: 226.6996 | APN117: 207.8699 | APO117: 220.6423 | APP117: 246.3546 | APQ117: 221.4923 | APR117: 220.3613 | APS117: 215.3185 | APT117: 224.5463 | APU117: 242.7681 | APV117: 223.444 | APW117: 240.5669 | APX117: 210.2704 | APY117: 222.2961 | APZ117: 216.0758 | AQA117: 230.2843 | AQB117: 221.7278 | AQC117: 219.5639 | AQD117: 209.5719 | AQE117: 213.2521 | AQF117: 219.878 | AQG117: 209.7047 | AQH117: 211.6405 | AQI117: 212.9113 | AQJ117: 236.4111 | AQK117: 233.0752 | AQL117: 244.8691 | AQM117: 223.8864 | AQN117: 212.7326 | AQO117: 223.7944 | AQP117: 228.288 | AQQ117: 213.361 | AQR117: 223.6129 | AQS117: 216.3473 | AQT117: 210.5916 | AQU117: 225.8306 | AQV117: 221.0078 | AQW117: 218.9596 | AQX117: 209.5745 | AQY117: 214.8529 | AQZ117: 213.6384 | ARA117: 221.2558 | ARB117: 215.0641 | ARC117: 227.9625 | ARD117: 225.5735 | ARE117: 215.0223 | ARF117: 208.7868 | ARG117: 209.6106 | ARH117: 234.5036 | ARI117: 226.3972 | ARJ117: 233.0692 | ARK117: 220.8941 | ARL117: 223.923 | ARM117: 220.8227 | ARN117: 233.1365 | ARO117: 221.6745 | ARP117: 209.2789 | ARQ117: 222.9436 | ARR117: 244.0299 | ARS117: 227.4004 | ART117: 250.8391 | ARU117: 233.2113 | ARV117: 232.788 | ARW117: 209.8478 | ARX117: 227.8437 | ARY117: 228.771 | ARZ117: 231.0288 | ASA117: 222.2974 | ASB117: 200.4262 | ASC117: 222.6099 | ASD117: 228.3799 | ASE117: 249.2782 | ASF117: 224.7498 | ASG117: 215.4411 | ASH117: 230.2634 | ASI117: 225.1947 | ASJ117: 201.3092 | ASK117: 215.7467 | ASL117: 234.7668 | ASM117: 230.291 | ASN117: 224.8584 | ASO117: 210.4935 | ASP117: 226.6641 | ASQ117: 236.8411 | ASR117: 211.3523 | ASS117: 218.0456 | AST117: 223.2376 | ASU117: 235.2287 | ASV117: 231.603 | ASW117: 219.2849 | ASX117: 219.0626 | ASY117: 210.3973 | ASZ117: 226.8626 | ATA117: 220.8618 | ATB117: 226.765 | ATC117: 215.2621 | ATD117: 212.6882 | ATE117: 225.5234 | ATF117: 223.6411 | ATG117: 230.9697 | ATH117: 217.7888 | ATI117: 206.6826 | ATJ117: 229.8339 | ATK117: 225.1029 | ATL117: 225.144 | ATM117: 199.9873 | ATN117: 215.0121 | ATO117: 203.7983 | ATP117: 223.6436 | ATQ117: 222.8061 | ATR117: 223.7781 | ATS117: 218.3232 | ATT117: 211.1644 | ATU117: 201.3847 | ATV117: 212.7001 | ATW117: 217.3378 | ATX117: 206.8363 | ATY117: 257.7117 | ATZ117: 232.6033 | AUA117: 242.6344 | AUB117: 246.2938 | AUC117: 251.6389 | AUD117: 241.7717 | AUE117: 257.7418 | AUF117: 261.8245 | AUG117: 240.3809 | AUH117: 252.5214 | AUI117: 243.5994 | AUJ117: 247.9975 | AUK117: 247.4925 | AUL117: 246.1941 | AUM117: 229.7774 | AUN117: 258.8307 | AUO117: 260.6205 | AUP117: 253.2209 | AUQ117: 242.4403 | AUR117: 215.8007 | AUS117: 224.4376 | AUT117: 226.6913 | AUU117: 210.5403 | AUV117: 216.44 | AUW117: 219.8255 | AUX117: 220.4508 | AUY117: 232.0301 | AUZ117: 214.2601 | AVA117: 220.417 | AVB117: 221.0786 | AVC117: 226.0322 | AVD117: 222.6576 | AVE117: 243.3691 | AVF117: 228.874 | AVG117: 211.2466 | AVH117: 227.5165 | AVI117: 220.6934 | AVJ117: 227.8144 | AVK117: 205.5316 | AVL117: 211.0951 | AVM117: 234.2508 | AVN117: 220.5703 | AVO117: 219.4052 | AVP117: 206.9254 | AVQ117: 205.8894 | AVR117: 217.0859 | AVS117: 215.2613 | AVT117: 222.2746 | AVU117: 220.6914 | AVV117: 229.061 | AVW117: 220.2924 | AVX117: 237.5902 | AVY117: 227.0774 | AVZ117: 234.2972 | AWA117: 198.4525 | AWB117: 224.6052 | AWC117: 209.4247 | AWD117: 214.2771 | AWE117: 220.022 | AWF117: 206.3242 | AWG117: 232.0539 | AWH117: 228.4185 | AWI117: 216.947 | AWJ117: 234.1157 | AWK117: 230.7337 | AWL117: 208.7128 | AWM117: 223.2129 | AWN117: 229.9356 | AWO117: 209.6367 | AWP117: 235.714 | AWQ117: 213.4385 | AWR117: 219.6552 | AWS117: 229.9746 | AWT117: 212.473 | AWU117: 201.5516 | AWV117: 208.955 | AWW117: 206.2144 | AWX117: 211.1055 | AWY117: 212.7653 | AWZ117: 224.8102 | AXA117: 209.8104 | AXB117: 211.4988 | AXC117: 222.5806 | AXD117: 235.0576 | AXE117: 219.5637 | AXF117: 208.9481 | AXG117: 215.8299 | AXH117: 223.9218 | AXI117: 218.2066 | AXJ117: 206.9838 | AXK117: 219.3985 | AXL117: 213.6096 | AXM117: 221.3371 | AXN117: 215.6484 | AXO117: 209.258 | AXP117: 217.7415 | AXQ117: 224.1109 | AXR117: 203.6249 | AXS117: 212.1622 | AXT117: 236.2639 | AXU117: 205.2388 | AXV117: 225.2404 | AXW117: 232.6522 | AXX117: 211.1349 | AXY117: 220.4611 | AXZ117: 224.3059 | AYA117: 207.1227 | AYB117: 217.2082 | AYC117: 225.3144 | AYD117: 213.5087 | AYE117: 233.8974 | AYF117: 202.4964 | AYG117: 213.8922 | AYH117: 217.1396 | AYI117: 248.9895 | AYJ117: 215.1517 | AYK117: 215.3307 | AYL117: 219.6586 | AYM117: 227.2517 | AYN117: 213.4623 | AYO117: 228.0636 | AYP117: 227.112 | AYQ117: 213.7431 | AYR117: 216.8617 | AYS117: 227.1231 | AYT117: 228.1186 | AYU117: 221.7576 | AYV117: 210.2476 | AYW117: 222.8904 | AYX117: 220.3993 | AYY117: 232.0131 | AYZ117: 226.7029 | AZA117: 203.9578 | AZB117: 229.4414 | AZC117: 214.9527 | AZD117: 218.7169 | AZE117: 225.7985 | AZF117: 219.0119 | AZG117: 219.1667 | AZH117: 225.5046 | AZI117: 210.0821 | AZJ117: 219.1854 | AZK117: 226.5658 | AZL117: 221.5827 | AZM117: 214.0751 | AZN117: 217.3487 | AZO117: 207.0306 | AZP117: 218.9649 | AZQ117: 211.3565 | AZR117: 240.0294 | AZS117: 241.3197 | AZT117: 268.7137 | AZU117: 235.645 | AZV117: 226.2012 | AZW117: 226.4487 | AZX117: 229.8923 | AZY117: 217.3943 | AZZ117: 227.9967 | BAA117: 214.717 | BAB117: 229.7968 | BAC117: 213.5866 | BAD117: 200.773 | BAE117: 230.8542 | BAF117: 219.4851 | BAG117: 211.3192 | BAH117: 214.4716 | BAI117: 217.6966 | BAJ117: 204.9682 | BAK117: 217.3628 | BAL117: 232.8513 | BAM117: 212.1146 | BAN117: 216.5971 | BAO117: 211.7744 | BAP117: 224.683 | BAQ117: 217.8093 | BAR117: 215.7203 | BAS117: 220.4578 | BAT117: 215.63 | BAU117: 220.4642 | BAV117: 211.7312 | BAW117: 224.8037 | BAX117: 217.1474 | BAY117: 219.3152 | BAZ117: 208.5468 | BBA117: 234.7433 | BBB117: 208.7945 | BBC117: 236.5439 | BBD117: 240.7935 | BBE117: 239.545 | BBF117: 218.6564 | BBG117: 230.7739 | BBH117: 260.9409 | BBI117: 238.9668 | BBJ117: 232.6662 | BBK117: 237.5722 | BBL117: 246.8285 | BBM117: 250.8211 | BBN117: 224.224 | BBO117: 235.9342 | BBP117: 237.7534 | BBQ117: 218.9802 | BBR117: 228.0391 | BBS117: 226.1071 | BBT117: 225.1477 | BBU117: 228.9884 | BBV117: 222.8079 | BBW117: 223.7985 | BBX117: 227.154 | BBY117: 219.8988 | BBZ117: 242.3789 | BCA117: 235.5986 | BCB117: 225.3904 | BCC117: 223.4126 | BCD117: 226.1247 | BCE117: 213.7219 | BCF117: 233.2643 | BCG117: 203.0086 | BCH117: 238.0459 | BCI117: 269.5423 | BCJ117: 254.6008 | BCK117: 244.706 | BCL117: 230.3411 | BCM117: 244.8885 | BCN117: 260.2628 | BCO117: 227.5739 | BCP117: 210.7831 | BCQ117: 213.8526 | BCR117: 220.5072 | BCS117: 231.205 | BCT117: 204.3036 | BCU117: 249.1331 | BCV117: 211.802 | BCW117: 206.537 | BCX117: 208.4456 | BCY117: 204.8642 | BCZ117: 216.4498 | BDA117: 221.1844 | BDB117: 223.7104 | BDC117: 213.7251 | BDD117: 236.1376 | BDE117: 214.5238 | BDF117: 227.3824 | BDG117: 217.4136 | BDH117: 204.3092 | BDI117: 210.0292 | BDJ117: 222.925 | BDK117: 204.3882 | BDL117: 238.7416 | BDM117: 228.568 | BDN117: 219.4145 | BDO117: 215.4483 | BDP117: 209.2558 | BDQ117: 229.327 | BDR117: 229.5848 | BDS117: 216.5211 | BDT117: 208.5739 | BDU117: 214.9843 | BDV117: 208.9069 | BDW117: 218.6767 | BDX117: 201.7851 | BDY117: 209.9711 | BDZ117: 215.9771 | BEA117: 216.3794 | BEB117: 216.7953 | BEC117: 220.7721 | BED117: 224.4686 | BEE117: 216.5863 | BEF117: 219.9194 | BEG117: 211.6178 | BEH117: 217.9538 | BEI117: 210.7456 | BEJ117: 211.542 | BEK117: 221.4729 | BEL117: 223.9047 | BEM117: 223.3322 | BEN117: 201.94 | BEO117: 230.4372 | BEP117: 218.8608 | BEQ117: 224.7369 | BER117: 221.49 | BES117: 218.1582 | BET117: 231.2323 | BEU117: 207.8887 | BEV117: 217.3625 | BEW117: 208.4821 | BEX117: 215.3856 | BEY117: 246.2528 | BEZ117: 224.1735 | BFA117: 225.2422 | BFB117: 225.7441 | BFC117: 230.6449 | BFD117: 221.7138 | BFE117: 216.788 | BFF117: 214.1368 | BFG117: 231.777 | BFH117: 223.2344 | BFI117: 227.3585 | BFJ117: 220.8688 | BFK117: 217.1917 | BFL117: 225.9942 | BFM117: 208.9694 | BFN117: 211.9418 | BFO117: 216.8718 | BFP117: 233.0108 | BFQ117: 212.1676 | BFR117: 207.6917 | BFS117: 204.2255 | BFT117: 227.836 | BFU117: 223.7891 | BFV117: 215.7785 | BFW117: 210.4093 | BFX117: 215.858 | BFY117: 211.529 | BFZ117: 217.3353 | BGA117: 228.837 | BGB117: 207.4973 | BGC117: 218.3784 | BGD117: 215.3303 | BGE117: 206.9705 | BGF117: 203.7378 | BGG117: 206.521 | BGH117: 219.0761 | BGI117: 210.632 | BGJ117: 223.9002 | BGK117: 228.2935 | BGL117: 221.0247 | BGM117: 214.6371 | BGN117: 224.555 | BGO117: 224.3005 | BGP117: 220.0085 | BGQ117: 214.4264 | BGR117: 230.7344 | BGS117: 215.5232 | BGT117: 228.23 | BGU117: 229.414 | BGV117: 217.5923 | BGW117: 224.5703 | BGX117: 219.7334 | BGY117: 221.9766 | BGZ117: 234.5946 | BHA117: 214.9017 | BHB117: 222.3999 | BHC117: 196.0076 | BHD117: 201.9566 | BHE117: 220.9589 | BHF117: 220.7478 | BHG117: 222.6351 | BHH117: 217.2038 | BHI117: 210.3122 | BHJ117: 219.8618 | BHK117: 227.7727 | BHL117: 207.9155 | BHM117: 228.5267 | BHN117: 209.5762 | BHO117: 224.8946 | BHP117: 211.1991 | BHQ117: 230.1594 | BHR117: 207.8196 | BHS117: 232.1935 | BHT117: 213.3893 | BHU117: 209.9621 | BHV117: 216.7066 | BHW117: 202.146 | BHX117: 217.9165 | BHY117: 215.6001 | BHZ117: 224.5137 | BIA117: 228.6312 | BIB117: 229.4724 | BIC117: 229.2831 | BID117: 225.4776 | BIE117: 226.3117 | BIF117: 215.3582 | BIG117: 213.9213 | BIH117: 213.5536 | BII117: 219.6729 | BIJ117: 221.746 | BIK117: 225.4825 | BIL117: 216.3961 | BIM117: 233.1961 | BIN117: 234.8608 | BIO117: 219.7132 | BIP117: 206.6139 | BIQ117: 225.7553 | BIR117: 213.1674 | BIS117: 222.5214 | BIT117: 234.9903 | BIU117: 233.01 | BIV117: 221.3257 | BIW117: 233.0721 | BIX117: 207.1145 | BIY117: 222.9961 | BIZ117: 234.334 | BJA117: 227.2062 | BJB117: 231.292 | BJC117: 220.8564 | BJD117: 217.2198 | BJE117: 220.5574 | BJF117: 216.3235 | BJG117: 209.2214 | BJH117: 227.1068 | BJI117: 225.919 | BJJ117: 214.2252 | BJK117: 222.4576 | BJL117: 224.4639 | BJM117: 218.3408 | BJN117: 222.8807 | BJO117: 205.4357 | BJP117: 218.6703 | BJQ117: 224.9542 | BJR117: 235.1917 | BJS117: 232.0662 | BJT117: 212.2492 | BJU117: 226.8614 | BJV117: 237.9135 | BJW117: 229.1675 | BJX117: 221.8784 | BJY117: 210.8751 | BJZ117: 209.8796 | BKA117: 207.6342 | BKB117: 226.8607 | BKC117: 222.1669 | BKD117: 222.9495 | BKE117: 233.2962 | BKF117: 227.3274 | BKG117: 215.9714 | BKH117: 208.8006 | BKI117: 203.3686 | BKJ117: 205.9356 | BKK117: 216.3942 | BKL117: 217.2399 | BKM117: 205.7749 | BKN117: 234.3685 | BKO117: 216.4565 | BKP117: 213.255 | BKQ117: 225.6458 | BKR117: 225.9266 | BKS117: 213.4047 | BKT117: 220.1091 | BKU117: 209.6031 | BKV117: 217.4106 | BKW117: 232.153 | BKX117: 224.5144 | BKY117: 206.8109 | BKZ117: 207.3202 | BLA117: 215.1842 | BLB117: 227.4833 | BLC117: 199.0081 | BLD117: 214.8519 | BLE117: 213.2376 | BLF117: 228.0211 | BLG117: 218.1984 | BLH117: 223.4392 | BLI117: 230.8973 | BLJ117: 222.7471 | BLK117: 226.2855 | BLL117: 213.6385 | BLM117: 213.7361 | BLN117: 205.722 | BLO117: 237.7632 | BLP117: 246.7531 | BLQ117: 219.8697 | BLR117: 218.9165 | BLS117: 210.3084 | BLT117: 230.5904 | BLU117: 214.8251 | BLV117: 217.8741 | BLW117: 210.8286 | BLX117: 213.9896 | BLY117: 224.8298 | BLZ117: 220.6541 | BMA117: 215.7374 | BMB117: 233.6477 | BMC117: 220.5271 | BMD117: 223.757 | BME117: 218.758 | BMF117: 222.9864 | BMG117: 224.3626 | BMH117: 220.7743 | BMI117: 226.5709 | BMJ117: 203.3004 | BMK117: 204.689 | BML117: 226.154 | BMM117: 220.668 | BMN117: 227.8906 | BMO117: 222.4526 | BMP117: 222.2027 | BMQ117: 223.1668 | BMR117: 228.3357 | BMS117: 234.1524 | BMT117: 236.9867 | BMU117: 212.3873 | BMV117: 228.2603 | BMW117: 217.6357 | BMX117: 230.5867 | BMY117: 230.8802 | BMZ117: 213.4162 | BNA117: 213.5565 | BNB117: 230.9447 | BNC117: 230.8499 | BND117: 229.2038 | BNE117: 207.6775 | BNF117: 223.4785 | BNG117: 213.337 | BNH117: 217.8427 | BNI117: 204.9725 | BNJ117: 225.6801 | BNK117: 228.1834 | BNL117: 201.6109 | BNM117: 233.2512 | BNN117: 227.4612 | BNO117: 220.0557 | BNP117: 247.6077 | BNQ117: 244.668 | BNR117: 217.1899 | BNS117: 222.7196 | BNT117: 225.686 | BNU117: 221.1432 | BNV117: 212.3514 | BNW117: 209.0696 | BNX117: 209.8846 | BNY117: 222.6964 | BNZ117: 230.6115 | BOA117: 211.8575 | BOB117: 215.2181 | BOC117: 229.0721 | BOD117: 221.4211 | BOE117: 227.8343 | BOF117: 233.0224 | BOG117: 202.0476 | BOH117: 215.329 | BOI117: 224.2582 | BOJ117: 228.2918 | BOK117: 229.4024 | BOL117: 219.2995 | BOM117: 226.673 | BON117: 215.8223 | BOO117: 220.0845 | BOP117: 227.4153 | BOQ117: 218.8257 | BOR117: 231.1225 | BOS117: 219.0568 | BOT117: 219.0969 | BOU117: 224.5107 | BOV117: 209.7108 | BOW117: 225.2223 | BOX117: 212.9841 | BOY117: 227.6005 | BOZ117: 220.879 | BPA117: 222.7048 | BPB117: 224.3968 | BPC117: 219.8914 | BPD117: 225.5235 | BPE117: 209.0123 | BPF117: 222.786 | BPG117: 216.5869 | BPH117: 218.9852 | BPI117: 227.1248 | BPJ117: 233.9498 | BPK117: 222.7196 | BPL117: 216.6177 | BPM117: 235.4445 | BPN117: 209.7561 | BPO117: 226.4452 | BPP117: 223.3909 | BPQ117: 219.9371 | BPR117: 229.3547 | BPS117: 227.2336 | BPT117: 232.5237 | BPU117: 196.8488 | BPV117: 221.2534 | BPW117: 216.5827 | BPX117: 222.3291 | BPY117: 218.6765 | BPZ117: 224.3578 | BQA117: 210.5384 | BQB117: 207.1817 | BQC117: 208.1396 | BQD117: 207.9763 | BQE117: 219.2092 | BQF117: 218.3192 | BQG117: 221.9659 | BQH117: 230.0665 | BQI117: 208.2446 | BQJ117: 229.7116 | BQK117: 210.2948 | BQL117: 240.4207 | BQM117: 205.6616 | BQN117: 225.8809 | BQO117: 214.8963 | BQP117: 205.2547 | BQQ117: 225.5427 | BQR117: 216.0464 | BQS117: 226.7699 | BQT117: 218.1875 | BQU117: 231.1863 | BQV117: 240.9781 | BQW117: 224.2601 | BQX117: 214.4696 | BQY117: 236.745 | BQZ117: 221.4257 | BRA117: 214.6748 | BRB117: 224.3755 | BRC117: 240.1518 | BRD117: 222.2187 | BRE117: 221.7763 | BRF117: 220.1867 | BRG117: 231.4405 | BRH117: 225.8036 | BRI117: 214.4097 | BRJ117: 195.0377 | BRK117: 204.7161 | BRL117: 229.9711 | BRM117: 230.467 | BRN117: 237.0347 | BRO117: 220.4995 | BRP117: 210.0155 | BRQ117: 235.1319 | BRR117: 221.247 | BRS117: 227.8308 | BRT117: 215.4566 | BRU117: 222.3596 | BRV117: 241.1178 | BRW117: 213.0926 | BRX117: 230.8206 | BRY117: 234.1261 | BRZ117: 208.8449 | BSA117: 226.7527 | BSB117: 219.7442 | BSC117: 228.2046 | BSD117: 219.5992 | BSE117: 216.5006 | BSF117: 207.0689 | BSG117: 207.9865 | BSH117: 216.686 | BSI117: 229.3541 | BSJ117: 216.5971 | BSK117: 209.6463 | BSL117: 224.323 | BSM117: 203.2102 | BSN117: 236.1983 | BSO117: 219.1462 | BSP117: 217.8288 | BSQ117: 233.5591 | BSR117: 233.7422 | BSS117: 218.3636 | BST117: 218.0643 | BSU117: 208.6646 | BSV117: 227.0157 | BSW117: 236.8554 | BSX117: 221.1 | BSY117: 216.6571 | BSZ117: 221.0688 | BTA117: 217.0351 | BTB117: 217.0206 | BTC117: 214.4872 | BTD117: 231.5877 | BTE117: 219.1961 | BTF117: 224.5348 | BTG117: 211.7858 | BTH117: 234.5194 | BTI117: 210.9815 | BTJ117: 234.5679 | BTK117: 217.667 | BTL117: 228.0845 | BTM117: 219.5704 | BTN117: 219.8196 | BTO117: 229.6534 | BTP117: 206.2939 | BTQ117: 226.3553 | BTR117: 227.8385 | BTS117: 224.2195 | BTT117: 226.0619 | BTU117: 217.0612 | BTV117: 222.5434 | BTW117: 219.1475 | BTX117: 227.7895 | BTY117: 226.9777 | BTZ117: 216.8872 | BUA117: 217.4446 | BUB117: 230.3654 | BUC117: 216.2759 | BUD117: 212.5806 | BUE117: 207.8855 | BUF117: 213.5802 | BUG117: 219.1828 | BUH117: 219.1039 | BUI117: 237.3021 | BUJ117: 213.6558 | BUK117: 218.3804 | BUL117: 212.6984 | BUM117: 217.1441 | BUN117: 231.196 | BUO117: 213.8999 | BUP117: 241.8487 | BUQ117: 216.8498 | BUR117: 211.6327 | BUS117: 229.3983 | BUT117: 210.8958 | BUU117: 228.6279 | BUV117: 222.6004 | BUW117: 223.8962 | BUX117: 216.8225 | BUY117: 225.6369 | BUZ117: 216.3109 | BVA117: 224.6015 | BVB117: 216.1743 | BVC117: 206.7677 | BVD117: 227.4032 | BVE117: 218.3637 | BVF117: 224.8081 | BVG117: 223.6081 | BVH117: 218.3039 | BVI117: 222.684 | BVJ117: 224.4904 | BVK117: 224.9771 | BVL117: 230.5959 | BVM117: 217.561 | BVN117: 223.9861 | BVO117: 230.733 | BVP117: 217.4065 | BVQ117: 239.2685 | BVR117: 220.5824 | BVS117: 213.0361 | BVT117: 221.7961 | BVU117: 223.0554 | BVV117: 222.3497 | BVW117: 214.1784 | BVX117: 224.2864 | BVY117: 227.1152 | BVZ117: 230.7285 | BWA117: 220.0618 | BWB117: 212.9398 | BWC117: 220.8187 | BWD117: 219.4787 | BWE117: 220.9414 | BWF117: 219.9863 | BWG117: 216.1174 | BWH117: 218.2347 | BWI117: 207.1157 | BWJ117: 219.0416 | BWK117: 215.7037 | BWL117: 216.4757 | BWM117: 213.2734 | BWN117: 225.9418 | BWO117: 223.9869 | BWP117: 217.2137 | BWQ117: 221.4922 | BWR117: 215.5839 | BWS117: 213.9191 | BWT117: 207.9742 | BWU117: 215.5538 | BWV117: 207.6391 | BWW117: 221.7227 | BWX117: 219.9455 | BWY117: 206.7452 | BWZ117: 205.5107 | BXA117: 224.4895 | BXB117: 227.9782 | BXC117: 211.1898 | BXD117: 222.051 | BXE117: 213.0247 | BXF117: 206.3665 | BXG117: 196.588 | BXH117: 228.4325 | BXI117: 212.515 | BXJ117: 219.2179 | BXK117: 220.2321 | BXL117: 217.9211 | BXM117: 196.8052 | BXN117: 209.3234 | BXO117: 217.9359 | BXP117: 227.2172 | BXQ117: 222.2161 | BXR117: 231.7154 | BXS117: 209.6443 | BXT117: 202.0444 | BXU117: 216.7161 | BXV117: 216.0267 | BXW117: 231.2084 | BXX117: 234.4376 | BXY117: 230.3731 | BXZ117: 234.8482 | BYA117: 220.708 | BYB117: 223.1809 | BYC117: 222.4023 | BYD117: 223.4759 | BYE117: 206.2817 | BYF117: 213.2567 | BYG117: 223.7691 | BYH117: 221.8154 | BYI117: 213.2057 | BYJ117: 214.4349 | BYK117: 224.4477 | BYL117: 222.8822 | BYM117: 211.801 | BYN117: 219.0326 | BYO117: 220.8175 | BYP117: 212.4998 | BYQ117: 204.4094 | BYR117: 213.6875 | BYS117: 221.638 | BYT117: 220.0663 | BYU117: 219.6022 | BYV117: 222.6792 | BYW117: 207.4633 | BYX117: 224.1641 | BYY117: 204.5743 | BYZ117: 206.4376 | BZA117: 222.5548 | BZB117: 229.8866 | BZC117: 216.7445 | BZD117: 216.1759 | BZE117: 224.5065 | BZF117: 226.8992 | BZG117: 224.5425 | BZH117: 215.5929 | BZI117: 205.5678 | BZJ117: 221.6408 | BZK117: 227.2814 | BZL117: 214.8736 | BZM117: 215.3233 | BZN117: 235.3799 | BZO117: 214.7938 | BZP117: 212.714 | BZQ117: 209.3489 | BZR117: 235.0253 | BZS117: 236.9557 | BZT117: 197.0532 | BZU117: 214.5266 | BZV117: 225.3779 | BZW117: 247.8486 | BZX117: 236.8927 | BZY117: 226.835 | BZZ117: 213.1769 | CAA117: 223.8499 | CAB117: 231.1099 | CAC117: 220.1901 | CAD117: 207.8624 | CAE117: 211.7012 | CAF117: 226.209 | CAG117: 211.6319 | CAH117: 220.8169 | CAI117: 230.8543 | CAJ117: 215.0454 | CAK117: 206.5628 | CAL117: 225.1673 | CAM117: 206.5017 | CAN117: 225.106 | CAO117: 218.5437 | CAP117: 210.1054 | CAQ117: 212.0812 | CAR117: 209.8875 | CAS117: 220.1291 | CAT117: 212.7604 | CAU117: 214.9137 | CAV117: 204.1819 | CAW117: 210.6545 | CAX117: 209.635 | CAY117: 207.3817 | CAZ117: 217.3031 | CBA117: 215.6017 | CBB117: 204.4809 | CBC117: 214.4653 | CBD117: 207.4687 | CBE117: 223.7489 | CBF117: 222.3402 | CBG117: 231.7488 | CBH117: 212.9888 | CBI117: 224.4508 | CBJ117: 216.4456 | CBK117: 234.4872 | CBL117: 214.4065 | CBM117: 216.3936 | CBN117: 217.6626 | CBO117: 219.0123 | CBP117: 238.4316 | CBQ117: 228.6087 | CBR117: 219.4382 | CBS117: 223.9836 | CBT117: 231.9397 | CBU117: 230.2311 | CBV117: 211.2293 | CBW117: 208.4714 | CBX117: 216.3951 | CBY117: 220.3645 | CBZ117: 233.3201 | CCA117: 217.5427 | CCB117: 229.6863 | CCC117: 242.4848 | CCD117: 219.8885 | CCE117: 211.2084 | CCF117: 217.9959 | CCG117: 215.831 | CCH117: 219.9534 | CCI117: 227.0514 | CCJ117: 216.6239 | CCK117: 220.3172 | CCL117: 214.7576 | CCM117: 220.9741 | CCN117: 205.1869 | CCO117: 229.2585 | CCP117: 216.294 | CCQ117: 222.3414 | CCR117: 220.3124 | CCS117: 224.8619 | CCT117: 226.0361 | CCU117: 208.8272 | CCV117: 219.4846 | CCW117: 231.3395 | CCX117: 228.8974 | CCY117: 226.2394 | CCZ117: 213.3681 | CDA117: 224.9336 | CDB117: 207.2172 | CDC117: 207.1807 | CDD117: 221.5303 | CDE117: 207.7871 | CDF117: 214.8763 | CDG117: 222.1296 | CDH117: 214.1125 | CDI117: 217.7313 | CDJ117: 215.101 | CDK117: 228.8886 | CDL117: 230.3382 | CDM117: 225.8248 | CDN117: 222.0882 | CDO117: 206.5106 | CDP117: 223.8785 | CDQ117: 216.8545 | CDR117: 224.9658 | CDS117: 231.2169 | CDT117: 216.912 | CDU117: 212.4656 | CDV117: 224.9268 | CDW117: 221.8151 | CDX117: 225.0982 | CDY117: 223.7688 | CDZ117: 221.6997 | CEA117: 208.5872 | CEB117: 229.6943 | CEC117: 212.3739 | CED117: 212.9753 | CEE117: 206.5876 | CEF117: 216.311 | CEG117: 208.5872 | CEH117: 201.5751 | CEI117: 212.4892 | CEJ117: 219.6911 | CEK117: 231.2314 | CEL117: 210.3059 | CEM117: 224.2788 | CEN117: 208.5206 | CEO117: 212.1528 | CEP117: 209.5294 | CEQ117: 221.5231 | CER117: 222.5362 | CES117: 219.0091 | CET117: 208.1199 | CEU117: 224.2024 | CEV117: 214.3013 | CEW117: 211.9102 | CEX117: 209.726 | CEY117: 225.0653 | CEZ117: 214.0136 | CFA117: 217.6012 | CFB117: 227.3091 | CFC117: 210.5192 | CFD117: 234.6992 | CFE117: 218.3638 | CFF117: 217.2851 | CFG117: 214.691 | CFH117: 212.7476 | CFI117: 216.2059 | CFJ117: 219.1799 | CFK117: 228.2923 | CFL117: 214.221 | CFM117: 219.2725 | CFN117: 229.8419 | CFO117: 221.9337 | CFP117: 214.7173 | CFQ117: 212.6487 | CFR117: 215.3549 | CFS117: 223.9474 | CFT117: 223.7544 | CFU117: 212.1607 | CFV117: 225.6867 | CFW117: 212.1309 | CFX117: 217.4082 | CFY117: 221.5983 | CFZ117: 200.885 | CGA117: 212.159 | CGB117: 219.0398 | CGC117: 204.6653 | CGD117: 202.9945 | CGE117: 226.2911 | CGF117: 208.4388 | CGG117: 226.4657 | CGH117: 221.5978 | CGI117: 220.5843 | CGJ117: 201.7981 | CGK117: 217.5351 | CGL117: 217.5054 | CGM117: 222.2729 | CGN117: 220.1324 | CGO117: 232.8458 | CGP117: 211.7071 | CGQ117: 226.78 | CGR117: 214.2002 | CGS117: 230.8264 | CGT117: 230.0612 | CGU117: 211.3245 | CGV117: 224.228 | CGW117: 222.2325 | CGX117: 214.8979 | CGY117: 212.4325 | CGZ117: 207.6513 | CHA117: 218.589 | CHB117: 223.6807 | CHC117: 234.6633 | CHD117: 243.243 | CHE117: 215.6496 | CHF117: 208.4027 | CHG117: 231.9785 | CHH117: 219.0682 | CHI117: 229.8524 | CHJ117: 216.8555 | CHK117: 219.2033 | CHL117: 220.9653 | CHM117: 224.8721 | CHN117: 215.8357 | CHO117: 233.1729 | CHP117: 220.3645 | CHQ117: 216.5976 | CHR117: 233.3204 | CHS117: 216.0322 | CHT117: 235.9444 | CHU117: 214.4977 | CHV117: 219.273 | CHW117: 232.2676 | CHX117: 222.2296 | CHY117: 212.8347 | CHZ117: 230.2078 | CIA117: 225.3792 | CIB117: 212.5801 | CIC117: 211.5138 | CID117: 220.906 | CIE117: 233.7737 | CIF117: 211.2592 | CIG117: 206.5366 | CIH117: 216.9641 | CII117: 209.6818 | CIJ117: 222.98 | CIK117: 215.2839 | CIL117: 240.3827 | CIM117: 229.6655 | CIN117: 203.997 | CIO117: 214.1234 | CIP117: 227.6406 | CIQ117: 229.7407 | CIR117: 221.4657 | CIS117: 229.1637 | CIT117: 219.9875 | CIU117: 206.9425 | CIV117: 214.0661 | CIW117: 209.6975 | CIX117: 203.8658 | CIY117: 222.41 | CIZ117: 228.9915 | CJA117: 199.4359 | CJB117: 207.1916 | CJC117: 215.883 | CJD117: 213.565 | CJE117: 216.2038 | CJF117: 214.162 | CJG117: 201.7729 | CJH117: 230.3966 | CJI117: 224.1787 | CJJ117: 226.7504 | CJK117: 215.983 | CJL117: 222.294 | CJM117: 225.291 | CJN117: 242.6575 | CJO117: 223.384 | CJP117: 213.1418 | CJQ117: 216.751 | CJR117: 218.5643 | CJS117: 217.8372 | CJT117: 228.6064 | CJU117: 219.0501 | CJV117: 225.2021 | CJW117: 221.9537 | CJX117: 219.8562 | CJY117: 226.3909 | CJZ117: 211.0821 | CKA117: 221.782 | CKB117: 222.896 | CKC117: 211.8171 | CKD117: 216.1749 | CKE117: 216.242 | CKF117: 235.915 | CKG117: 225.5878 | CKH117: 205.4935 | CKI117: 233.2062 | CKJ117: 224.1252 | CKK117: 232.1548 | CKL117: 214.5563 | CKM117: 217.5864 | CKN117: 218.0783 | CKO117: 219.5239 | CKP117: 224.3685 | CKQ117: 218.913 | CKR117: 203.9255 | CKS117: 223.9947 | CKT117: 236.9942 | CKU117: 228.2445 | CKV117: 216.2778 | CKW117: 214.3399 | CKX117: 217.7736 | CKY117: 214.6757 | CKZ117: 219.4009 | CLA117: 198.364 | CLB117: 217.671 | CLC117: 241.0623 | CLD117: 201.5861 | CLE117: 206.6768 | CLF117: 215.8633 | CLG117: 205.8139 | CLH117: 221.7231 | CLI117: 217.3982 | CLJ117: 229.0787 | CLK117: 223.0468 | CLL117: 226.9522 | CLM117: 220.5813 | CLN117: 218.6559 | CLO117: 220.6514 | CLP117: 217.7617 | CLQ117: 220.4728 | CLR117: 206.6371 | CLS117: 209.482 | CLT117: 210.9812 | CLU117: 225.7699 | CLV117: 225.2265 | CLW117: 209.9244 | CLX117: 220.2904 | CLY117: 218.14 | CLZ117: 235.219 | CMA117: 228.7418 | CMB117: 225.0731 | CMC117: 212.088 | CMD117: 217.9985 | CME117: 226.7134 | CMF117: 211.2268 | CMG117: 211.2866 | CMH117: 216.836 | CMI117: 211.1012 | CMJ117: 223.1664 | CMK117: 211.0132 | CML117: 220.8163 | CMM117: 232.628 | CMN117: 213.4779 | CMO117: 212.7375 | CMP117: 232.1687 | CMQ117: 211.7171 | CMR117: 227.2918 | CMS117: 225.891 | CMT117: 220.5631 | CMU117: 205.5926 | CMV117: 207.4452 | CMW117: 212.9178 | CMX117: 219.2989 | CMY117: 223.8267 | CMZ117: 211.6683 | CNA117: 213.049 | CNB117: 214.2605 | CNC117: 225.0526 | CND117: 220.5482 | CNE117: 216.1486 | CNF117: 225.8207 | CNG117: 232.8012 | CNH117: 215.996 | CNI117: 212.8551 | CNJ117: 220.1021 | CNK117: 219.8039 | CNL117: 231.641 | CNM117: 219.865 | CNN117: 205.287 | CNO117: 228.3734 | CNP117: 204.4441 | CNQ117: 230.5339 | CNR117: 244.2387 | CNS117: 216.1806 | CNT117: 225.0998 | CNU117: 219.4282 | CNV117: 219.2089 | CNW117: 220.5604 | CNX117: 214.6313 | CNY117: 207.3452 | CNZ117: 233.243 | COA117: 206.1882 | COB117: 207.3262 | COC117: 205.4025 | COD117: 213.3725 | COE117: 207.4151 | COF117: 200.0756 | COG117: 237.9012 | COH117: 228.7449 | COI117: 208.7335 | COJ117: 220.6074 | COK117: 239.7821 | COL117: 221.0379 | COM117: 227.0263 | CON117: 217.0612 | COO117: 209.2225 | COP117: 238.174 | COQ117: 220.9857 | COR117: 220.8401 | COS117: 229.8013 | COT117: 227.1937 | COU117: 231.2338 | COV117: 205.3067 | COW117: 227.2441 | COX117: 216.107 | COY117: 211.4794 | COZ117: 208.6746 | CPA117: 213.8638 | CPB117: 214.3451 | CPC117: 203.8664 | CPD117: 222.5219 | CPE117: 242.0599 | CPF117: 225.0518 | CPG117: 214.4562 | CPH117: 229.6173 | CPI117: 218.3016 | CPJ117: 226.5676 | CPK117: 212.6107 | CPL117: 214.9933 | CPM117: 209.8272 | CPN117: 229.2881 | CPO117: 221.5032 | CPP117: 217.3218 | CPQ117: 228.1319 | CPR117: 212.4768 | CPS117: 216.2604 | CPT117: 219.1704 | CPU117: 222.3307 | CPV117: 224.4674 | CPW117: 205.0709 | CPX117: 223.4373 | CPY117: 219.4409 | CPZ117: 220.8632 | CQA117: 217.2647 | CQB117: 203.8615 | CQC117: 224.3078 | CQD117: 222.6981 | CQE117: 225.5989 | CQF117: 223.5084 | CQG117: 233.8288 | CQH117: 228.645 | CQI117: 204.1532 | CQJ117: 216.3909 | CQK117: 221.8119 | CQL117: 223.167 | CQM117: 219.4303 | CQN117: 216.2669 | CQO117: 217.6519 | CQP117: 207.2711 | CQQ117: 211.7904 | CQR117: 212.4314 | CQS117: 231.0021 | CQT117: 221.3769 | CQU117: 222.0693 | CQV117: 231.6017 | CQW117: 215.0766 | CQX117: 211.5705 | CQY117: 213.3588 | CQZ117: 206.7692 | CRA117: 202.8139 | CRB117: 214.2524 | CRC117: 222.6685 | CRD117: 219.6129 | CRE117: 229.8126 | CRF117: 224.5964 | CRG117: 230.3661 | CRH117: 205.259 | CRI117: 231.3263 | CRJ117: 213.94 | CRK117: 221.2078 | CRL117: 222.2376 | CRM117: 219.6752 | CRN117: 219.5381 | CRO117: 226.2649 | CRP117: 223.9772 | CRQ117: 217.1685 | CRR117: 207.7759 | CRS117: 224.4458 | CRT117: 234.0734 | CRU117: 215.5709 | CRV117: 216.1285 | CRW117: 233.7409 | CRX117: 226.9663 | CRY117: 221.5703 | CRZ117: 220.8739 | CSA117: 229.376 | CSB117: 221.4605 | CSC117: 234.8975 | CSD117: 215.7504 | CSE117: 211.7026 | CSF117: 212.8984 | CSG117: 213.4405 | CSH117: 207.2688 | CSI117: 225.8195 | CSJ117: 229.4465 | CSK117: 212.7104 | CSL117: 238.7434 | CSM117: 210.5837 | CSN117: 224.3287 | CSO117: 220.9589 | CSP117: 218.703 | CSQ117: 224.1279 | CSR117: 207.726 | CSS117: 234.0692 | CST117: 225.0957 | CSU117: 235.8102 | CSV117: 218.7087 | CSW117: 221.2154 | CSX117: 211.9947 | CSY117: 214.1655 | CSZ117: 227.5052 | CTA117: 219.058 | CTB117: 208.0516 | CTC117: 229.2669 | CTD117: 224.9078 | CTE117: 223.68 | CTF117: 225.6333 | CTG117: 208.1442 | CTH117: 221.4246 | CTI117: 206.3374 | CTJ117: 211.0937 | CTK117: 224.525 | CTL117: 220.0603 | CTM117: 229.1712 | CTN117: 227.0434 | CTO117: 219.1665 | CTP117: 224.713 | CTQ117: 235.9349 | CTR117: 225.2652 | CTS117: 210.4583 | CTT117: 215.2901 | CTU117: 211.3154 | CTV117: 224.5899 | CTW117: 206.5819 | CTX117: 217.2944 | CTY117: 235.4905 | CTZ117: 217.3862 | CUA117: 218.663 | CUB117: 211.914 | CUC117: 203.9459 | CUD117: 200.5107 | CUE117: 213.0696 | CUF117: 221.0856 | CUG117: 214.9987 | CUH117: 209.9443 | CUI117: 212.0352 | CUJ117: 209.3365 | CUK117: 214.2993 | CUL117: 202.1673 | CUM117: 212.2404 | CUN117: 213.57 | CUO117: 224.8354 | CUP117: 233.0223 | CUQ117: 219.337 | CUR117: 226.851 | CUS117: 222.7431 | CUT117: 209.9201 | CUU117: 228.6151 | CUV117: 233.5542 | CUW117: 220.2155 | CUX117: 249.0686 | CUY117: 235.7157 | CUZ117: 218.8452 | CVA117: 213.56 | CVB117: 219.3405 | CVC117: 214.5996 | CVD117: 201.1011 | CVE117: 224.8069 | CVF117: 215.8695 | CVG117: 224.3493 | CVH117: 228.1698 | CVI117: 221.2536 | CVJ117: 220.6296 | CVK117: 214.4216 | CVL117: 222.998 | CVM117: 230.54 | CVN117: 223.3182 | CVO117: 224.6422 | CVP117: 229.0159 | CVQ117: 209.789 | CVR117: 222.5906 | CVS117: 228.8228 | CVT117: 230.449 | CVU117: 208.8753 | CVV117: 220.8148 | CVW117: 230.3105 | CVX117: 227.0443 | CVY117: 217.7634 | CVZ117: 210.8419 | CWA117: 220.8693 | CWB117: 218.6683 | CWC117: 208.6209 | CWD117: 220.6483 | CWE117: 215.0976 | CWF117: 225.6994 | CWG117: 234.3297 | CWH117: 228.9547 | CWI117: 207.3067 | CWJ117: 212.0378 | CWK117: 215.5834 | CWL117: 238.7899 | CWM117: 222.174 | CWN117: 226.4575 | CWO117: 209.6926 | CWP117: 231.5394 | CWQ117: 242.5489 | CWR117: 218.4453 | CWS117: 227.4753 | CWT117: 225.0599 | CWU117: 227.2968 | CWV117: 226.8141 | CWW117: 210.0741 | CWX117: 209.4773 | CWY117: 214.4536 | CWZ117: 218.5625 | CXA117: 227.7076 | CXB117: 207.3408 | CXC117: 228.6655 | CXD117: 220.0453 | CXE117: 219.8173 | CXF117: 226.3276 | CXG117: 223.5353 | CXH117: 228.5503 | CXI117: 237.6518 | CXJ117: 210.5816 | CXK117: 214.9458 | CXL117: 233.9808 | CXM117: 210.7559 | CXN117: 207.3477 | CXO117: 214.6234 | CXP117: 237.9023 | CXQ117: 210.291 | CXR117: 218.4841 | CXS117: 222.9034 | CXT117: 227.7045 | CXU117: 221.2732 | CXV117: 233.4108 | CXW117: 247.3405 | CXX117: 219.7555 | CXY117: 214.8281 | CXZ117: 211.3027 | CYA117: 214.0701 | CYB117: 231.4012 | CYC117: 219.264 | CYD117: 235.6639 | CYE117: 242.4379 | CYF117: 231.5229 | CYG117: 217.2308 | CYH117: 208.9972 | CYI117: 216.3111 | CYJ117: 209.8468 | CYK117: 211.2621 | CYL117: 221.8294 | CYM117: 214.7655 | CYN117: 216.9506 | CYO117: 221.6921 | CYP117: 223.5096 | CYQ117: 212.127 | CYR117: 210.43 | CYS117: 216.3232 | CYT117: 228.3982 | CYU117: 211.827 | CYV117: 211.3567 | CYW117: 204.6086 | CYX117: 212.0431 | CYY117: 232.2166 | CYZ117: 213.7555 | CZA117: 221.6833 | CZB117: 224.9743 | CZC117: 225.1458 | CZD117: 213.8681 | CZE117: 215.5412 | CZF117: 211.2259 | CZG117: 215.5395 | CZH117: 214.5722 | CZI117: 224.4903 | CZJ117: 204.3929 | CZK117: 215.2705 | CZL117: 220.4364 | CZM117: 224.6976 | CZN117: 215.0426 | CZO117: 224.454 | CZP117: 226.8229 | CZQ117: 209.9143 | CZR117: 221.931 | CZS117: 209.3702 | CZT117: 206.3597 | CZU117: 216.0341 | CZV117: 207.9192 | CZW117: 223.8638 | CZX117: 214.1823 | CZY117: 216.5129 | CZZ117: 207.4671 | DAA117: 206.5675 | DAB117: 216.7393 | DAC117: 216.814 | DAD117: 215.3461 | DAE117: 219.743 | DAF117: 211.8855 | DAG117: 205.1776 | DAH117: 204.4284 | DAI117: 214.7895 | DAJ117: 239.4896 | DAK117: 209.3155 | DAL117: 229.3019 | DAM117: 231.2815 | DAN117: 214.2766 | DAO117: 206.5479 | DAP117: 229.0065 | DAQ117: 239.0008 | DAR117: 231.4707 | DAS117: 254.6322 | DAT117: 247.4235 | DAU117: 243.2997 | DAV117: 233.1406 | DAW117: 225.0132 | DAX117: 198.9012 | DAY117: 222.5769 | DAZ117: 214.44 | DBA117: 213.4067 | DBB117: 199.8386 | DBC117: 230.1027 | DBD117: 227.6542 | DBE117: 224.9316 | DBF117: 220.4124 | DBG117: 225.7236 | DBH117: 236.503 | DBI117: 219.2882 | DBJ117: 210.963 | DBK117: 239.3834 | DBL117: 220.3847 | DBM117: 209.8374 | DBN117: 224.9356 | DBO117: 213.261 | DBP117: 220.1323 | DBQ117: 224.0296 | DBR117: 225.8203 | DBS117: 215.5318 | DBT117: 220.5482 | DBU117: 217.4951 | DBV117: 210.6174 | DBW117: 218.7042 | DBX117: 213.2668 | DBY117: 231.8198 | DBZ117: 209.6463 | DCA117: 206.4487 | DCB117: 223.9531 | DCC117: 221.2354 | DCD117: 215.8297 | DCE117: 209.8025 | DCF117: 230.6811 | DCG117: 220.6044 | DCH117: 212.4699 | DCI117: 214.3511 | DCJ117: 220.2672 | DCK117: 220.1887 | DCL117: 220.1643 | DCM117: 214.1546 | DCN117: 204.1565 | DCO117: 226.1493 | DCP117: 225.7545 | DCQ117: 226.4879 | DCR117: 213.1336 | DCS117: 221.2952 | DCT117: 212.7754 | DCU117: 221.0748 | DCV117: 220.8946 | DCW117: 234.0322 | DCX117: 203.9731 | DCY117: 232.1873 | DCZ117: 238.1132 | DDA117: 234.952 | DDB117: 233.773 | DDC117: 206.4344 | DDD117: 212.5787 | DDE117: 234.6467 | DDF117: 235.3215 | DDG117: 235.4797 | DDH117: 247.946 | DDI117: 225.9165 | DDJ117: 217.8504 | DDK117: 230.2776 | DDL117: 203.0082 | DDM117: 219.9371 | DDN117: 211.6047 | DDO117: 236.9681 | DDP117: 239.7548 | DDQ117: 216.7643 | DDR117: 216.635 | DDS117: 209.2619 | DDT117: 220.172 | DDU117: 225.0853 | DDV117: 209.0073 | DDW117: 210.1653 | DDX117: 214.9109 | DDY117: 211.2828 | DDZ117: 228.6893 | DEA117: 220.5101 | DEB117: 210.927 | DEC117: 197.3967 | DED117: 220.6716 | DEE117: 207.778 | DEF117: 216.0246 | DEG117: 217.1992 | DEH117: 210.5887 | DEI117: 221.3807 | DEJ117: 208.5865 | DEK117: 215.2623 | DEL117: 210.8623 | DEM117: 214.8742 | DEN117: 221.9004 | DEO117: 197.7965 | DEP117: 219.1628 | DEQ117: 217.4791 | DER117: 224.2002 | DES117: 205.708 | DET117: 221.2035 | DEU117: 219.1673 | DEV117: 220.0806 | DEW117: 214.0434 | DEX117: 220.061 | DEY117: 212.1768 | DEZ117: 211.0407 | DFA117: 205.9827 | DFB117: 239.1021 | DFC117: 208.3775 | DFD117: 221.0294 | DFE117: 210.147 | DFF117: 216.1647 | DFG117: 239.6928 | DFH117: 200.3529 | DFI117: 224.44 | DFJ117: 195.4817 | DFK117: 228.2394 | DFL117: 204.6584 | DFM117: 220.9745 | DFN117: 213.1679 | DFO117: 215.6807 | DFP117: 211.9878 | DFQ117: 207.7443 | DFR117: 228.2509 | DFS117: 223.426 | DFT117: 212.7273 | DFU117: 229.4158 | DFV117: 207.599 | DFW117: 215.1961 | DFX117: 216.3074 | DFY117: 214.1315 | DFZ117: 207.2282 | DGA117: 213.5202 | DGB117: 215.1964 | DGC117: 221.2589 | DGD117: 221.6371 | DGE117: 209.0776 | DGF117: 210.9924 | DGG117: 217.1984 | DGH117: 211.9006 | DGI117: 240.8164 | DGJ117: 205.441 | DGK117: 206.3306 | DGL117: 216.5275 | DGM117: 206.4719 | DGN117: 222.4432 | DGO117: 211.3428 | DGP117: 217.8092 | DGQ117: 223.4969 | DGR117: 208.7882 | DGS117: 213.2107 | DGT117: 243.5573 | DGU117: 216.6395 | DGV117: 220.3626 | DGW117: 212.4005 | DGX117: 228.5843 | DGY117: 212.9312 | DGZ117: 223.7891 | DHA117: 234.4309 | DHB117: 214.4415 | DHC117: 220.5684 | DHD117: 242.6234 | DHE117: 223.2135 | DHF117: 213.4517 | DHG117: 221.3379 | DHH117: 216.2625 | DHI117: 227.0989 | DHJ117: 213.0508 | DHK117: 219.6159 | DHL117: 232.2043 | DHM117: 213.3247 | DHN117: 231.7768 | DHO117: 217.4668 | DHP117: 219.3883 | DHQ117: 207.0389 | DHR117: 211.4017 | DHS117: 219.0366 | DHT117: 226.3191 | DHU117: 217.0556 | DHV117: 220.6614 | DHW117: 229.4343 | DHX117: 228.7076 | DHY117: 217.9234 | DHZ117: 225.2622 | DIA117: 237.3693 | DIB117: 216.5504 | DIC117: 204.3126 | DID117: 229.3496 | DIE117: 225.4055 | DIF117: 239.7139 | DIG117: 232.0219 | DIH117: 219.7247 | DII117: 219.8363 | DIJ117: 217.7772 | DIK117: 218.5977 | DIL117: 210.787 | DIM117: 225.8371 | DIN117: 221.3392 | DIO117: 222.342 | DIP117: 214.7446 | DIQ117: 208.1378 | DIR117: 236.9113 | DIS117: 217.8879 | DIT117: 224.5068 | DIU117: 225.4553 | DIV117: 214.3726 | DIW117: 222.0499 | DIX117: 225.2111 | DIY117: 233.5246 | DIZ117: 215.7298 | DJA117: 219.4397 | DJB117: 209.3225 | DJC117: 236.1035 | DJD117: 210.8983 | DJE117: 221.2475 | DJF117: 220.7129 | DJG117: 238.7707 | DJH117: 252.4955 | DJI117: 216.2824 | DJJ117: 215.1118 | DJK117: 222.0413 | DJL117: 246.0694 | DJM117: 226.595 | DJN117: 221.1679 | DJO117: 220.6329 | DJP117: 231.228 | DJQ117: 230.2096 | DJR117: 223.0885 | DJS117: 225.5106 | DJT117: 217.8344 | DJU117: 211.5298 | DJV117: 225.6385 | DJW117: 207.7066 | DJX117: 211.2317 | DJY117: 226.9719 | DJZ117: 231.6271 | DKA117: 225.9471 | DKB117: 212.7869 | DKC117: 214.7726 | DKD117: 231.8835 | DKE117: 209.6995 | DKF117: 228.0554 | DKG117: 218.1135 | DKH117: 233.6161 | DKI117: 217.7012 | DKJ117: 215.1778 | DKK117: 225.1691 | DKL117: 224.3606 | DKM117: 224.5634 | DKN117: 225.2288 | DKO117: 228.2173 | DKP117: 214.7683 | DKQ117: 225.743 | DKR117: 208.2667 | DKS117: 208.9076 | DKT117: 226.5402 | DKU117: 223.355 | DKV117: 223.1333 | DKW117: 198.5872 | DKX117: 217.3066 | DKY117: 219.1373
